{
  "height": 32.914285714285711,
  "tabOrder": 1000,
  "width": 592.45714285714291,
  "x": 0,
  "y": 0.27267395729120053,
  "z": 22000
}