{
  "height": 278.28887770508305,
  "tabOrder": 4000,
  "width": 346.20461571644256,
  "x": 258.4111007261485,
  "y": 212.0296211086347,
  "z": 12000
}