{
  "height": 78.947368421052616,
  "tabOrder": 1000,
  "width": 171.68628342289398,
  "x": 415.75011770053743,
  "y": 53.289473684210506,
  "z": 40500
}