{
  "height": 78.947368421052616,
  "tabOrder": 1000,
  "width": 168.96110432094329,
  "x": 409.15090948306857,
  "y": 53.289473684210506,
  "z": 40500
}