{
  "height": 65.040650406504071,
  "tabOrder": 2000,
  "width": 993.4959349593496,
  "x": 255.08130081300814,
  "y": 13.821138211382115,
  "z": 4000
}