{
  "height": 228.88888888888889,
  "tabOrder": 20000,
  "width": 264.44444444444446,
  "x": 436.66666666666663,
  "y": 221.11111111111111,
  "z": 18000
}