{
  "height": 46.027397260273979,
  "id": 3701583238,
  "tabOrder": 12000,
  "width": 279.45205479452056,
  "x": 526.16438356164383,
  "y": 213.83561643835617,
  "z": 12000
}