{
  "name": "92cd3c6093124ce903d8",
  "layouts": [
    {
      "id": 0,
      "position": {
        "x": 9.9388884894672511,
        "y": 210.37313969372349,
        "z": 9000,
        "width": 1250.6434682579625,
        "height": 97.7324034797613,
        "tabOrder": 6000
      }
    }
  ],
  "singleVisualGroup": {
    "displayName": "Group 7",
    "groupMode": 0
  }
}