{
  "height": 97.7324034797613,
  "tabOrder": 6000,
  "width": 1250.6434682579625,
  "x": 9.9388884894672511,
  "y": 210.37313969372349,
  "z": 9000
}