{
  "height": 293.64887708283021,
  "tabOrder": 12000,
  "width": 599.66191741125328,
  "x": 74.29364887708283,
  "y": 423.58126056508087,
  "z": 14000
}