{
  "height": 229.65475122987456,
  "width": 348.59175636462311,
  "x": 0,
  "y": 0,
  "z": 0
}