{
  "height": 250.1239790568851,
  "width": 355.838466711988,
  "x": 0,
  "y": 0,
  "z": 0
}