{
  "height": 91.274684114453692,
  "tabOrder": 16000,
  "width": 152.77181170929839,
  "x": 283.53412512149447,
  "y": 446.66334779413506,
  "z": 16000
}