{
  "height": 230,
  "tabOrder": 11000,
  "width": 348.75,
  "x": 914.74219799700211,
  "y": 463.46268468783455,
  "z": 15000
}