{
  "height": 214.85980404176453,
  "width": 293.67679091006494,
  "x": 9.3975031861239735,
  "y": 6.561564320853579,
  "z": 17002
}