{
  "height": 233.66348740523352,
  "width": 301.6505645099582,
  "x": 9.6526597566456651,
  "y": 7.1358065734174092,
  "z": 17002
}