{
  "name": "52768e81800992936cc0",
  "layouts": [
    {
      "id": 0,
      "position": {
        "x": 765.29441368897835,
        "y": 462.15831476022714,
        "z": 11000,
        "width": 498.60090588827376,
        "height": 248.47221223668129,
        "tabOrder": 10000
      }
    }
  ],
  "singleVisualGroup": {
    "displayName": "Group 6",
    "groupMode": 0
  }
}