{
  "height": 248.47221223668129,
  "tabOrder": 10000,
  "width": 498.60090588827376,
  "x": 765.29441368897835,
  "y": 462.15831476022714,
  "z": 11000
}