{
  "height": 74.10526315789474,
  "tabOrder": 1006,
  "width": 163.36842105263159,
  "x": 885.89473684210532,
  "y": 99.368421052631575,
  "z": 1005
}