{
  "name": "37098636dcb906171b40",
  "layouts": [
    {
      "id": 0,
      "position": {
        "x": 0,
        "y": 49.769367072397074,
        "z": 5000,
        "width": 485.34905456898412,
        "height": 87.793514990294057,
        "tabOrder": 14000
      }
    }
  ],
  "singleVisualGroup": {
    "displayName": "Group 3",
    "groupMode": 0,
    "isHidden": false
  },
  "parentGroupName": "49aecae09a19f58dc2eb"
}