{
  "height": 87.793514990294057,
  "tabOrder": 14000,
  "width": 485.34905456898412,
  "x": 0,
  "y": 49.769367072397074,
  "z": 5000
}