{
  "height": 139.82504800512055,
  "tabOrder": 24000,
  "width": 602.6718504294779,
  "x": 666.75833076515823,
  "y": 568.36292661340667,
  "z": 24000
}