{
  "height": 106.89783281733747,
  "width": 167.64252696456086,
  "x": 168.16154407590625,
  "y": 33.275328136906424,
  "z": 21000
}