{
  "name": "a9e49044540469fe8ffe",
  "layouts": [
    {
      "id": 0,
      "position": {
        "x": 64.914285714285711,
        "y": 330,
        "z": 12000,
        "width": 324.57142857142856,
        "height": 200,
        "tabOrder": 7000
      }
    }
  ],
  "singleVisualGroup": {
    "displayName": "Group 6",
    "groupMode": 0
  }
}