{
  "height": 200,
  "tabOrder": 7000,
  "width": 324.57142857142856,
  "x": 64.914285714285711,
  "y": 330,
  "z": 12000
}