{
  "height": 89.449996405205255,
  "tabOrder": 12000,
  "width": 150.73980875691998,
  "x": 482.03609173916169,
  "y": 448.9064634409375,
  "z": 11000
}