{
  "height": 89.374492694805213,
  "tabOrder": 1000,
  "width": 300.11432926829264,
  "x": 0,
  "y": 1.0272930194805161,
  "z": 0
}