{
  "height": 39.755553957869004,
  "tabOrder": 20000,
  "width": 149.08332734200877,
  "x": 190.49536271478905,
  "y": 0.469585273043549,
  "z": 1000
}