{
  "height": 69.572219426270763,
  "width": 136.5192816147202,
  "x": 19.414453330787264,
  "y": 60.5812598623217,
  "z": 3000
}