{
  "height": 225.68421052631575,
  "width": 931.36842105263156,
  "x": 0,
  "y": 0,
  "z": 5000
}