{
  "height": 110,
  "tabOrder": 1000,
  "width": 246.66666666666671,
  "x": 0.99056872019345277,
  "y": 0.44178054993404559,
  "z": 13000
}