{
  "height": 294.05405405405406,
  "tabOrder": 22000,
  "width": 299.24324324324323,
  "x": 364.97297297297297,
  "y": 413.40540540540542,
  "z": 20000
}