{
  "height": 78.94736842105263,
  "width": 177.5257731958763,
  "x": 411.340206185567,
  "y": 52.7649111300808,
  "z": 35500
}