{
  "height": 78.94736842105263,
  "width": 174.70790378006873,
  "x": 404.81099656357389,
  "y": 52.7649111300808,
  "z": 35500
}