{
  "height": 78.464909127373033,
  "width": 175.04056188494729,
  "x": 405.28370873366396,
  "y": 45.889257469234515,
  "z": 35500
}