{
  "height": 78.94736842105263,
  "width": 177.5257731958763,
  "x": 411.03789305662218,
  "y": 46.171417978847138,
  "z": 35500
}