{
  "height": 38.972108191060812,
  "tabOrder": 12000,
  "width": 318.69127182044889,
  "x": 492.18001150968735,
  "y": 167.83149817763285,
  "z": 7000
}