{
  "name": "b0e74ce0baa0512a0502",
  "layouts": [
    {
      "id": 0,
      "position": {
        "x": 397.04854368932035,
        "y": 437.126213592233,
        "z": 17002,
        "width": 867.72815533980577,
        "height": 257.24271844660194
      }
    }
  ],
  "singleVisualGroup": {
    "displayName": "Group 3",
    "groupMode": 0
  }
}