{
  "height": 125.8925875332518,
  "width": 175.69843935008652,
  "x": 200.32284183475781,
  "y": 0,
  "z": 1000
}