{
  "height": 183.5948360915626,
  "width": 242.36505165235795,
  "x": 0.97329421230364921,
  "y": 0.73735116048710769,
  "z": 13000
}