{
  "height": 58.143096037955431,
  "tabOrder": 2000,
  "width": 10.669906948803899,
  "x": 140.84277172421145,
  "y": 58.143096037955445,
  "z": 2000
}