{
  "height": 131.19950007811278,
  "tabOrder": 17004,
  "width": 600.21621621621625,
  "x": 0,
  "y": 149.01671613810345,
  "z": 0
}