{
  "height": 171.72517390085429,
  "width": 394.46846057817368,
  "x": 12.724789050908827,
  "y": 14.114397854864736,
  "z": 2000
}