{
  "height": 226.64647829846427,
  "tabOrder": 1000,
  "width": 475.36652375792261,
  "x": 12.718672840927068,
  "y": 10.328765169326996,
  "z": 18004
}