{
  "height": 226.64647829846427,
  "tabOrder": 1000,
  "width": 476.94581453452696,
  "x": 12.760927567973335,
  "y": 10.328765169326996,
  "z": 18004
}