{
  "height": 245.15924940685886,
  "tabOrder": 1000,
  "width": 274.97591487526063,
  "x": 0,
  "y": 0,
  "z": 4000
}