{
  "height": 110.98425479905097,
  "tabOrder": 19000,
  "width": 236.87684233230283,
  "x": 9.9388884894672511,
  "y": 583.26672464530725,
  "z": 12000
}