{
  "height": 67.029564139989034,
  "width": 168.05662557781204,
  "x": 204.90907440294566,
  "y": 25.697708587283692,
  "z": 5000
}