{
  "height": 57.10806556302277,
  "width": 173.88714733542321,
  "x": 211.2568992783925,
  "y": 37.824596448988338,
  "z": 7000
}