{
  "height": 56.861910108009752,
  "width": 172,
  "x": 208.96418874358821,
  "y": 37.661559395328915,
  "z": 7000
}