{
  "height": 68.252777925663366,
  "width": 168.03459776684039,
  "x": 204.88221620356313,
  "y": 26.166662724275518,
  "z": 7000
}