{
  "height": 70.731707317073173,
  "tabOrder": 5000,
  "width": 990.2439024390244,
  "x": 255.08130081300814,
  "y": 79.674796747967477,
  "z": 5000
}