{
  "height": 157.66472040868538,
  "width": 901.84616058637278,
  "x": 0.28798797183607094,
  "y": 2.0240266319293783,
  "z": 3000
}