{
  "height": 389.09090909090907,
  "tabOrder": 1000,
  "width": 393.63636363636368,
  "x": 0,
  "y": 0,
  "z": 1000
}