{
  "height": 339.57869005679777,
  "tabOrder": 1000,
  "width": 372.708318355022,
  "x": 0,
  "y": 0,
  "z": 0
}