{
  "height": 384.30368825940036,
  "tabOrder": 1000,
  "width": 372.70831835502196,
  "x": 0,
  "y": 0,
  "z": 1000
}