{
  "height": 389.27313250413397,
  "tabOrder": 1000,
  "width": 387.61665108922284,
  "x": 0,
  "y": 0,
  "z": 1000
}