{
  "height": 240,
  "tabOrder": 18000,
  "width": 289.68421052631578,
  "x": 978.52631578947364,
  "y": 225,
  "z": 18000
}