{
  "height": 109.90187332738627,
  "tabOrder": 13,
  "width": 338.09590643274851,
  "x": 0.23742690058480212,
  "y": 0.098126672613729926,
  "z": 0
}