{
  "height": 173.49724264705893,
  "width": 385.57228915662654,
  "x": 15.300487664945454,
  "y": 13.02074822984744,
  "z": 8000
}