{
  "height": 173.49724264705893,
  "width": 370.9415788152611,
  "x": 14.719903921240478,
  "y": 13.02074822984744,
  "z": 8000
}