{
  "height": 29.689905927915266,
  "tabOrder": 10000,
  "width": 531.95876288659792,
  "x": 101.03092783505156,
  "y": 124.70712164888559,
  "z": 12000
}