{
  "height": 140,
  "tabOrder": 10000,
  "width": 600,
  "x": 64.602775181537126,
  "y": 255.09813789632611,
  "z": 1000
}