{
  "height": 136.42105263157896,
  "tabOrder": 12002,
  "width": 599.578947368421,
  "x": 1.6842105263157947,
  "y": 3.368421052631561,
  "z": 16002
}