{
  "height": 89.332669558827021,
  "tabOrder": 20000,
  "width": 115.87353515239157,
  "x": 1117.3057076705466,
  "y": 293.24419789962781,
  "z": 21000
}