{
  "height": 136.52422003347951,
  "tabOrder": 1000,
  "width": 323.01387590768564,
  "x": 0,
  "y": 0,
  "z": 0
}