{
  "name": "a2df13ef966e602b5634",
  "layouts": [
    {
      "id": 0,
      "position": {
        "height": 150,
        "width": 449.99999999999989,
        "x": 1.0000003013481322,
        "y": 384.86918640004535,
        "z": 14000,
        "tabOrder": 3000
      }
    }
  ],
  "singleVisualGroup": {
    "displayName": "Group 8",
    "groupMode": 0
  }
}