{
  "height": 150,
  "tabOrder": 3000,
  "width": 450,
  "x": 9.9388884849194863,
  "y": 385.10532151555321,
  "z": 14000
}