{
  "height": 70.069513406156887,
  "tabOrder": 2000,
  "width": 1260,
  "x": 0,
  "y": 0.10536768933256974,
  "z": 1000
}