{
  "height": 225.28147242792434,
  "tabOrder": 1000,
  "width": 195.4648069595226,
  "x": 0,
  "y": 0,
  "z": 2000
}