{
  "height": 250.12869365159247,
  "tabOrder": 1000,
  "width": 248.47221223668129,
  "x": 0,
  "y": 0,
  "z": 2000
}