{
  "height": 250.12869365159247,
  "tabOrder": 1000,
  "width": 200.43425120425624,
  "x": 0,
  "y": 0,
  "z": 2000
}