{
  "height": 140.26966571221584,
  "tabOrder": 16000,
  "width": 592.4571428571428,
  "x": 678.00049910621442,
  "y": 254.70176285921275,
<<<<<<< HEAD
  "z": 10000
=======
  "z": 11000
>>>>>>> 5004bbb15a2341a651a76195bf0014506650cc41
}