{
  "height": 91.978021978021971,
  "width": 163.71261417405429,
  "x": 162.93303029703497,
  "y": 6.4285714285714279,
  "z": 2000
}