{
  "height": 199.16287953765573,
  "width": 612.96796120423187,
  "x": 1.1425915595870466,
  "y": 0.55024887122991406,
  "z": 17004
}