{
  "height": 84.480552160471632,
  "tabOrder": 26000,
  "width": 150.73980875691998,
  "x": 904.43885254151985,
  "y": 448.9064634409375,
  "z": 25000
}