{
  "height": 139.71504467519921,
  "tabOrder": 3000,
  "width": 139.71504467519921,
  "x": 64.29364887708283,
  "y": 254.70176285921275,
  "z": 3000
}