{
  "height": 233.5638795025,
  "id": 3700560265,
  "width": 482.0360917392,
  "x": 783.515709253,
  "y": 220.3120281832,
  "z": 5000
}