{
  "height": 200,
  "tabOrder": 16000,
  "width": 267.8857142857143,
  "x": 64.914285714285711,
  "y": 330,
  "z": 9000
}