{
  "height": 13.333333333333332,
  "width": 127.77777777777777,
  "x": 660,
  "y": 48.888888888888886,
  "z": 16000
}