{
  "height": 87.326367089498234,
  "width": 265.92199721012048,
  "x": 6.3530852575796528,
  "y": 3.2641567396724538,
  "z": 20004
}