{
  "height": 141.72700775367062,
  "width": 429.08012142651216,
  "x": 0.57444901720347818,
  "y": 0,
  "z": 4000
}