{
  "height": 124.54545454545453,
  "tabOrder": 9000,
  "width": 171.81818181818181,
  "x": 93.636363636363626,
  "y": 520,
  "z": 11000
}