{
  "name": "1ecdaf1b6c08301ec809",
  "layouts": [
    {
      "id": 0,
      "position": {
        "x": 64.914285714285711,
        "y": 542,
        "z": 13000,
        "width": 902,
        "height": 160.06097560975607,
        "tabOrder": 16000
      }
    }
  ],
  "singleVisualGroup": {
    "displayName": "Group 2",
    "groupMode": 0
  }
}