{
  "height": 139.71504467519921,
  "tabOrder": 12000,
  "width": 602.7529582226515,
  "x": 667.04660709973427,
  "y": 254.70176285921275,
  "z": 1000
}