{
  "name": "05c977c8f10575c5b55a",
  "layouts": [
    {
      "id": 0,
      "position": {
        "height": 146.28571428571428,
        "width": 1203.1999999999998,
        "x": 64.914285714285711,
        "y": 74.057142857142864,
        "z": 8000,
        "tabOrder": 4000
      }
    }
  ],
  "singleVisualGroup": {
    "displayName": "Group 1",
    "groupMode": 0
  }
}