{
  "height": 64.145454545454555,
  "width": 332.67733333333337,
  "x": 459.41155555555554,
  "y": 24.054545454545455,
  "z": 7000
}