{
  "height": 140.26966571221584,
  "tabOrder": 12000,
  "width": 592.8935603307043,
  "x": 71.713786608071274,
  "y": 255.08571428571429,
  "z": 14000
}