{
  "name": "1585f9695cb66200c529",
  "layouts": [
    {
      "id": 0,
      "position": {
        "height": 228.33333333333337,
        "width": 1205,
        "x": 65,
        "y": 478.33333333333337,
        "z": 16001,
        "tabOrder": 22002
      }
    }
  ],
  "singleVisualGroup": {
    "displayName": "Group 3",
    "groupMode": 0
  }
}