{
  "height": 228.33333333333337,
  "tabOrder": 22002,
  "width": 1205,
  "x": 65,
  "y": 478.33333333333337,
  "z": 16001
}