{
  "height": 111.15789473684211,
  "tabOrder": 17000,
  "width": 338.5263157894737,
  "x": 545.51625601399621,
  "y": 230,
  "z": 6000
}