{
  "height": 200.42105263157896,
  "width": 299.78947368421052,
  "x": 65.6842105263158,
  "y": 306.5263157894737,
  "z": 13000
}