{
  "height": 250.12869365159247,
  "width": 500.25738730318494,
  "x": 0,
  "y": 0,
  "z": 8000
}