{
  "height": 225.28147242792434,
  "width": 485.34905456898406,
  "x": 0,
  "y": 0,
  "z": 8000
}