{
  "height": 150.73980875691998,
  "tabOrder": 7000,
  "width": 278.28887770508305,
  "x": 530.07405277158671,
  "y": 208.71665827881228,
  "z": 6000
}