{
  "height": 127.96000624902358,
  "tabOrder": 17008,
  "width": 288.86486486486484,
  "x": 311.35135135135135,
  "y": 3.2394938290892248,
  "z": 3000
}