{
  "height": 162.2213054255794,
  "width": 374.92403121784173,
  "x": 15.052955258814817,
  "y": 13.586055871212098,
  "z": 9000
}