{
  "height": 173.03605912061803,
  "width": 393.15110719704757,
  "x": 15.784760468320277,
  "y": 14.491792929292904,
  "z": 9000
}