{
  "height": 173.03605912061803,
  "width": 383.7162513691128,
  "x": 15.405957161981263,
  "y": 14.491792929292904,
  "z": 9000
}