{
  "height": 406.122098022356,
  "tabOrder": 9000,
  "width": 1254.6861564918315,
  "x": 0.048143015365976538,
  "y": 81.444539982803121,
  "z": 2000
}