{
  "name": "9743770fec5f74aa8312",
  "layouts": [
    {
      "id": 0,
      "position": {
        "x": 385.68421052631578,
        "y": 156.63157894736841,
        "z": 5000,
        "width": 149.89473684210526,
        "height": 111.15789473684211,
        "tabOrder": 12000
      }
    }
  ],
  "singleVisualGroup": {
    "displayName": "Group 4",
    "groupMode": 0
  }
}