{
  "height": 111.15789473684211,
  "tabOrder": 12000,
  "width": 149.89473684210526,
  "x": 385.68421052631578,
  "y": 156.63157894736841,
  "z": 5000
}