{
  "height": 278.28887770508305,
  "tabOrder": 1000,
  "width": 346.20461571644256,
  "x": 0,
  "y": 0,
  "z": 0
}