{
  "name": "37bd3cd473ba5ee80890",
  "layouts": [
    {
      "id": 0,
      "position": {
        "x": 437.14285714285717,
        "y": 214.28571428571431,
        "z": 18000,
        "width": 274.28571428571428,
        "height": 250.00000000000003,
        "tabOrder": 18000
      }
    }
  ],
  "singleVisualGroup": {
    "displayName": "Group 14",
    "groupMode": 0
  }
}