{
  "height": 250,
  "tabOrder": 18000,
  "width": 274.28571428571428,
  "x": 437.14285714285717,
  "y": 214.28571428571431,
  "z": 18000
}