{
  "height": 250.12869365159247,
  "tabOrder": 17000,
  "width": 275,
  "x": 713.17139843123107,
  "y": 212.0296211086347,
  "z": 11000
}