{
  "height": 150.73980875691998,
  "tabOrder": 12000,
  "width": 619.524049176792,
  "x": 644.4052212396449,
  "y": 387.64104243721755,
  "z": 14000
}