{
  "height": 147.37835875090775,
  "tabOrder": 1000,
  "width": 127.47325102880657,
  "x": 7.4394948000347663,
  "y": 9.5061905539439184,
  "z": 4000
}