{
  "height": 113.42465753424659,
  "id": 3701523234,
  "tabOrder": 4000,
  "width": 139.72602739726028,
  "x": 518.49321757277414,
  "y": 547.17788228595532,
  "z": 4000
}