{
  "height": 81.682378535170415,
  "tabOrder": 1000,
  "width": 171.59615140210667,
  "x": 402.99429730189019,
  "y": 49.599603710689841,
  "z": 17000
}