{
  "height": 52.076850984067477,
  "tabOrder": 7000,
  "width": 12.729999999999997,
  "x": 164.55645630702631,
  "y": 27.70727272729405,
  "z": 1000
}