{
  "height": 51.934651146227417,
  "tabOrder": 7000,
  "width": 12.506434682579622,
  "x": 161.66650215244246,
  "y": 27.631615892935596,
  "z": 1000
}