{
  "height": 41.183223992502342,
  "tabOrder": 7000,
  "width": 12.549999999999997,
  "x": 162.22965645350985,
  "y": 21.9113636363805,
  "z": 1000
}