{
  "name": "964b38dd8dae6707c1f8",
  "layouts": [
    {
      "id": 0,
      "position": {
        "x": 654.62857142857138,
        "y": 330.05714285714288,
        "z": 11000,
        "width": 612.57142857142856,
        "height": 200.22857142857143,
        "tabOrder": 20000
      }
    }
  ],
  "singleVisualGroup": {
    "displayName": "Group 3",
    "groupMode": 0
  }
}