{
  "height": 200.22857142857143,
  "tabOrder": 20000,
  "width": 612.57142857142856,
  "x": 654.62857142857138,
  "y": 330.05714285714288,
  "z": 11000
}