{
  "height": 229.88166275754233,
  "tabOrder": 1000,
  "width": 309.17786093520118,
  "x": 0,
  "y": 0,
  "z": 0
}