{
  "height": 389.09090909090907,
  "tabOrder": 13000,
  "width": 393.63636363636363,
  "x": 880,
  "y": 318.18181818181813,
  "z": 12000
}