{
  "height": 339.57869005679777,
  "tabOrder": 13000,
  "width": 372.7083183550219,
  "x": 881.24811273276293,
  "y": 149.08332734200877,
  "z": 4000
}