{
  "height": 72.9445296568367,
  "tabOrder": 2000,
  "width": 189.13046997026478,
  "x": 189.13046997026481,
  "y": 0,
  "z": 19000
}