{
  "height": 125.5541147132169,
  "tabOrder": 3000,
  "width": 331.45635212667634,
  "x": 490.95445265711845,
  "y": 463.71135000958031,
  "z": 6000
}