{
  "height": 50.074861144651045,
  "tabOrder": 5000,
  "width": 50.074861144651045,
  "x": 6,
  "y": 156.57530641311465,
  "z": 10000
}