{
  "height": 100.71031752006144,
  "id": 3701523236,
  "tabOrder": 1000,
  "width": 170.57582871494202,
  "x": 0,
  "y": 50.029491236858561,
  "z": 1000
}