{
  "height": 99,
  "width": 219.95706787999561,
  "x": 8.6380308336642511,
  "y": 5.9713966366915363,
  "z": 14000
}