{
  "height": 108,
  "width": 213.57142857142864,
  "x": 8.3872575815396431,
  "y": 6.5142508763907667,
  "z": 14000
}