{
  "height": 108,
  "width": 227.50000000000009,
  "x": 8.9342526412052727,
  "y": 6.5142508763907667,
  "z": 14000
}