{
  "height": 495.28794305845133,
  "tabOrder": 1000,
  "width": 351.17405996117623,
  "x": 0,
  "y": 0,
  "z": 1000
}