{
  "height": 344.54813430153138,
  "tabOrder": 1000,
  "width": 362.76942986555468,
  "x": 0,
  "y": 0,
  "z": 1000
}