{
  "height": 334.6092458120641,
  "tabOrder": 1000,
  "width": 347.8610971313538,
  "x": 0,
  "y": 0,
  "z": 1000
}