{
  "name": "9abb899e3a0820aac229",
  "layouts": [
    {
      "id": 0,
      "position": {
        "x": 0,
        "y": 0,
        "z": 0,
        "width": 323.01387590768564,
        "height": 136.52422003347951,
        "tabOrder": 1000
      }
    }
  ],
  "singleVisualGroup": {
    "displayName": "Group 3",
    "groupMode": 0
  },
  "parentGroupName": "290de1d67c75e96c55b4"
}