{
  "height": 149.08332734200877,
  "width": 309.97284949574839,
  "x": 0,
  "y": 0,
  "z": 0
}