{
  "name": "99d4a2336b23094d8aa0",
  "layouts": [
    {
      "id": 0,
      "position": {
        "x": 967.31428571428569,
        "y": 230.4,
        "z": 10000,
        "width": 299.8857142857143,
        "height": 89.6,
        "tabOrder": 17000
      }
    }
  ],
  "singleVisualGroup": {
    "displayName": "Group 9",
    "groupMode": 0
  }
}