{
  "name": "40cc41c9e20ec9d0eda5",
  "layouts": [
    {
      "id": 0,
      "position": {
        "x": 65,
        "y": 243.33333333333334,
        "z": 12000,
        "width": 248.33333333333334,
        "height": 110,
        "tabOrder": 13000
      }
    }
  ],
  "singleVisualGroup": {
    "displayName": "Group 2",
    "groupMode": 0
  }
}