{
  "name": "6addafe67f4233552a34",
  "layouts": [
    {
      "id": 0,
      "position": {
        "x": 65,
        "y": 243.33333333333334,
        "z": 11000,
        "width": 248.33333333333334,
        "height": 110,
        "tabOrder": 13000
      }
    }
  ],
  "singleVisualGroup": {
    "displayName": "Group 2",
    "groupMode": 0
  }
}