{
  "height": 110,
  "tabOrder": 13000,
  "width": 217.26315789473685,
  "x": 65.6842105263158,
  "y": 242.52631578947367,
  "z": 12000
}