{
  "height": 110,
  "tabOrder": 13000,
  "width": 248.33333333333334,
  "x": 65,
  "y": 243.33333333333334,
  "z": 12000
}