{
  "height": 138.10526315789474,
  "tabOrder": 11000,
  "width": 599.57894736842115,
  "x": 64,
  "y": 414.31578947368422,
  "z": 16000
}