{
  "height": 91.274684114453692,
  "tabOrder": 1000,
  "width": 110.69482967072042,
  "x": 501.03975535168195,
  "y": 293.24419789962781,
  "z": 13000
}