{
  "height": 94.845360824742272,
  "tabOrder": 1000,
  "width": 254.60605307829258,
  "x": 0,
  "y": 0.015120421005107835,
  "z": 12000
}