{
  "height": 89.449996405205255,
  "tabOrder": 25004,
  "width": 180.55647422532172,
  "x": 1083.3388453519303,
  "y": 448.9064634409375,
  "z": 22004
}