{
  "height": 184.5220827384897,
  "width": 312.01018143751833,
  "x": 1.2529764572184912,
  "y": 0.7410751562471436,
  "z": 13000
}