{
  "height": 71.228700841181961,
  "tabOrder": 20000,
  "width": 192.15184412970018,
  "x": 380.99072542957794,
  "y": 0,
  "z": 20000
}