{
  "height": 46.0273972603,
  "id": 3701583240,
  "width": 264.6575342466,
  "x": 98.6301369863,
  "y": 193.9726027397,
  "z": 10000
}