{
  "height": 226.11587079516354,
  "width": 330.45140629208794,
  "x": 10.148694874888099,
  "y": 12.93364941431906,
  "z": 16000
}