{
  "height": 207.91956941704723,
  "width": 311.56846878968287,
  "x": 9.56876945346592,
  "y": 11.892835331547115,
  "z": 16000
}