{
  "name": "c44752e7ade2d8a57d09",
  "layouts": [
    {
      "id": 0,
      "position": {
        "height": 88.080054252815287,
        "width": 531.95876288659792,
        "x": 101.03092783505154,
        "y": 154.39702757680089,
        "z": 6000,
        "tabOrder": 2000
      }
    }
  ],
  "singleVisualGroup": {
    "displayName": "Group 3",
    "groupMode": 0
  }
}