{
  "height": 88.080054252815287,
  "tabOrder": 2000,
  "width": 531.95876288659792,
  "x": 101.03092783505154,
  "y": 154.39702757680089,
  "z": 6000
}