{
  "height": 233.33333333333334,
  "id": 3700560264,
  "tabOrder": 6000,
  "width": 206.66666666666669,
  "x": 266.66666666666669,
  "y": 220,
  "z": 3000
}