{
  "height": 135.8314760227191,
  "tabOrder": 11000,
  "width": 289.88424760946151,
  "x": 313.07498741821843,
  "y": 223.62499101301316,
  "z": 14000
}