{
  "height": 230,
  "tabOrder": 15000,
  "width": 308.88888888888886,
  "x": 254.44444444444443,
  "y": 221.11111111111111,
  "z": 13000
}