{
  "name": "c4695f78966540eb1da1",
  "layouts": [
    {
      "id": 0,
      "position": {
        "x": 100,
        "y": 254.63917525773198,
        "z": 4000,
        "width": 254.63917525773198,
        "height": 95.876288659793815,
        "tabOrder": 19000
      }
    }
  ],
  "singleVisualGroup": {
    "displayName": "Group 2",
    "groupMode": 0
  }
}