{
  "height": 95.876288659793815,
  "tabOrder": 19000,
  "width": 254.63917525773198,
  "x": 100,
  "y": 254.63917525773198,
  "z": 4000
}