{
  "name": "402d7ca55eb0550b1557",
  "layouts": [
    {
      "id": 0,
      "position": {
        "x": 246.77298877918884,
        "y": 462.74820770660909,
        "z": 16000,
        "width": 319.70091307786322,
        "height": 250.12869365159247,
        "tabOrder": 18000
      }
    }
  ],
  "singleVisualGroup": {
    "displayName": "Group 13",
    "groupMode": 0
  }
}