{
  "height": 230,
  "tabOrder": 18000,
  "width": 311.25,
  "x": 254.74219799700219,
  "y": 463.46268468783455,
  "z": 16000
}