{
  "height": 233.5638795024804,
  "tabOrder": 11000,
  "width": 482.03609173916169,
  "x": 783.51570925300166,
  "y": 220.31202818319073,
  "z": 11000
}