{
  "height": 87.68382542324936,
  "tabOrder": 9,
  "width": 113.86335464648147,
  "x": 102.92677144821374,
  "y": 295.18621245525452,
  "z": 13
}