{
  "height": 113.42465753424659,
  "id": 3701523233,
  "tabOrder": 3000,
  "width": 139.72602739726028,
  "x": 658.21924497003408,
  "y": 547.17788228595532,
  "z": 3000
}