{
  "height": 141.72700775367062,
  "width": 389.45235987013336,
  "x": 0.52139568859819485,
  "y": 0,
  "z": 4000
}