{
  "height": 88.080054252815287,
  "width": 531.95876288659792,
  "x": 0,
  "y": 0,
  "z": 1000
}