{
  "height": 86.137033575382844,
  "id": 3701523237,
  "width": 160.67869724638723,
  "x": 1.3953938964616266,
  "y": 50.387186458096672,
  "z": 0
}