{
  "height": 88.037993188409231,
  "width": 124.28893156010716,
  "x": 19.81074216901073,
  "y": 38.1460600033017,
  "z": 17000
}