{
  "height": 183.57894736842104,
  "width": 144.84210526315789,
  "x": 0,
  "y": 0,
  "z": 0
}