{
  "height": 93.4054054054054,
  "tabOrder": 17015,
  "width": 290.59459459459458,
  "x": 377.08108108108109,
  "y": 276.75675675675677,
  "z": 17007
}