{
  "height": 113.42465753424653,
  "tabOrder": 3000,
  "width": 279.45205479452022,
  "x": 521.13047643225343,
  "y": 390.93356432623892,
  "z": 2000
}