{
  "name": "caee1d067791cbcb50aa",
  "layouts": [
    {
      "id": 0,
      "position": {
        "x": 428.34632011567436,
        "y": 507.39301443446453,
        "z": 15000,
        "width": 400,
        "height": 200,
        "tabOrder": 11000
      }
    }
  ],
  "singleVisualGroup": {
    "displayName": "Group 11",
    "groupMode": 0
  }
}