{
  "height": 200,
  "tabOrder": 11000,
  "width": 400,
  "x": 428.34632011567436,
  "y": 507.39301443446453,
  "z": 15000
}