{
  "height": 72.539638137533032,
  "tabOrder": 25018,
  "width": 190.29338156947435,
  "x": 569.299893580822,
  "y": 0,
  "z": 21000
}