{
  "height": 160,
  "tabOrder": 18000,
  "width": 291.65714285714284,
  "x": 977.37142857142862,
  "y": 542.17142857142858,
  "z": 11000
}