{
  "height": 64.145454545454555,
  "width": 158.8704,
  "x": 1085.1617777777778,
  "y": 24.054545454545455,
  "z": 8000
}