{
  "height": 251.78517506650368,
  "tabOrder": 1000,
  "width": 274.97591487526063,
  "x": 0,
  "y": 0,
  "z": 1000
}