{
  "height": 251.78517506650368,
  "tabOrder": 13000,
  "width": 246.81573082177007,
  "x": 604.61571644259107,
  "y": 225.28147242792434,
  "z": 13000
}