{
  "height": 158.05836205254315,
  "tabOrder": 1000,
  "width": 278.12277642699485,
  "x": 0.5184296031559138,
  "y": 0.43668496614308722,
  "z": 17004
}