{
  "height": 334.6092458120641,
  "tabOrder": 12000,
  "width": 891.18700122223015,
  "x": 9.9388884894672511,
  "y": 372.7083183550219,
  "z": 9000
}