{
  "height": 63.00064836564566,
  "tabOrder": 1000,
  "width": 127.66061043570114,
  "x": 18.154658698529904,
  "y": 54.858946309433769,
  "z": 3000
}