{
  "height": 70,
  "tabOrder": 1000,
  "width": 198.19050870604303,
  "x": 28.184739447556353,
  "y": 60.953757481556181,
  "z": 3000
}