{
  "height": 111.15789473684211,
  "tabOrder": 22000,
  "width": 207.15789473684211,
  "x": 1059.3684210526317,
  "y": 230.73684210526315,
  "z": 12000
}