{
  "height": 93.814432989690729,
  "tabOrder": 16000,
  "width": 252.57731958762886,
  "x": 102.0618556701031,
  "y": 564.94845360824741,
  "z": 16000
}