{
  "height": 12.364163245592851,
  "tabOrder": 12,
  "width": 1280.3091040811398,
  "x": 0,
  "y": 55.02052644288819,
  "z": 1
}