{
  "height": 151.66666666666669,
  "tabOrder": 1000,
  "width": 620.33693370860419,
  "x": 0,
  "y": 0,
  "z": 0
}