{
  "height": 224.91601369849556,
  "width": 208.1730584346424,
  "x": 13.675602378918114,
  "y": 18.114041371690917,
  "z": 13000
}