{
  "height": 78.94736842105263,
  "width": 174.70790378006876,
  "x": 29.828178694158083,
  "y": 54.186493862490735,
  "z": 37000
}