{
  "height": 79.336741451010511,
  "width": 174.57378705325414,
  "x": 29.805280716409243,
  "y": 54.453744813599144,
  "z": 37000
}