{
  "height": 78.94736842105263,
  "width": 177.52577319587633,
  "x": 30.30927835051547,
  "y": 54.186493862490735,
  "z": 37000
}