{
  "height": 167.53441197778312,
  "tabOrder": 2000,
  "width": 1205.505916445303,
  "x": 64.29364887708283,
  "y": 74.1849794735571,
  "z": 2000
}