{
  "name": "5d8512f826d3c61d79ed",
  "layouts": [
    {
      "id": 0,
      "position": {
        "height": 146.28571428571428,
        "width": 1203.1999999999998,
        "x": 64.914285714285711,
        "y": 74.057142857142864,
        "z": 15001,
        "tabOrder": 12000
      }
    }
  ],
  "singleVisualGroup": {
    "displayName": "Group 1",
    "groupMode": 0
  }
}