{
  "height": 92.762959235027679,
  "tabOrder": 13000,
  "width": 485.34905456898412,
  "x": 9.9388884894672511,
  "y": 225.28147242792434,
  "z": 13000
}