{
  "name": "6bdb0399ea26a148672b",
  "layouts": [
    {
      "id": 0,
      "position": {
        "x": 2.453927486595552,
        "y": 382.25528001734733,
        "z": 10000,
        "width": 150,
        "height": 170,
        "tabOrder": 4000
      }
    }
  ],
  "singleVisualGroup": {
    "displayName": "Group 5",
    "groupMode": 0
  }
}