{
  "height": 170,
  "tabOrder": 4000,
  "width": 150,
  "x": 2.453927486595552,
  "y": 382.25528001734733,
  "z": 10000
}