{
  "height": 170,
  "tabOrder": 4000,
  "width": 150,
  "x": 9.9381717786972974,
  "y": 382.78985586094535,
  "z": 10000
}