{
  "name": "976e6bd3dc954742b508",
  "layouts": [
    {
      "id": 0,
      "position": {
        "x": 625,
        "y": 243.33333333333334,
        "z": 16000,
        "width": 293.33333333333337,
        "height": 110
      }
    }
  ],
  "singleVisualGroup": {
    "displayName": "Group 4",
    "groupMode": 0
  }
}