{
  "height": 110,
  "width": 293.33333333333337,
  "x": 625,
  "y": 243.33333333333334,
  "z": 16000
}