{
  "height": 110,
  "width": 140,
  "x": 463.33333333333337,
  "y": 243.33333333333334,
  "z": 15000
}