{
  "height": 108.29100347545769,
  "tabOrder": 1000,
  "width": 214.17865086325622,
  "x": 214.84174266159448,
  "y": 33.708996524542258,
  "z": 21000
}