{
  "name": "09858e8538b1d0efae7b",
  "layouts": [
    {
      "id": 0,
      "position": {
        "x": 678.73684210526312,
        "y": 567.578947368421,
        "z": 6000,
        "width": 592.84210526315792,
        "height": 139.78947368421052,
        "tabOrder": 12000
      }
    }
  ],
  "singleVisualGroup": {
    "displayName": "Group 3",
    "groupMode": 0
  }
}