{
  "height": 139.78947368421052,
  "tabOrder": 12000,
  "width": 592.84210526315792,
  "x": 678.73684210526312,
  "y": 567.578947368421,
  "z": 6000
}