{
  "height": 139.88571428571427,
  "tabOrder": 12000,
  "width": 593.37142857142862,
  "x": 680.2285714285714,
  "y": 413.25714285714287,
  "z": 5000
}