{
  "height": 232.03309692671391,
  "width": 327.46865378937292,
  "x": 10.606272187510084,
  "y": 8.3293932230102374,
  "z": 14000
}