{
  "height": 213.36061654517991,
  "width": 309.18231981339034,
  "x": 10.014002261162467,
  "y": 7.6590990554679923,
  "z": 14000
}