{
  "height": 79.3367414510105,
  "width": 168.831399197247,
  "x": 408.83681962470604,
  "y": 53.552300479432077,
  "z": 40500
}