{
  "height": 90.401785714285722,
  "width": 285.108612804878,
  "x": 0,
  "y": 0,
  "z": 4000
}