{
  "height": 200.04604098583877,
  "tabOrder": 1000,
  "width": 400.03503597724233,
  "x": 0,
  "y": 0,
  "z": 5000
}