{
  "height": 200.04604098583877,
  "tabOrder": 1000,
  "width": 415.81325301204816,
  "x": 0,
  "y": 0,
  "z": 5000
}