{
  "height": 71.681556111848138,
  "width": 577.33105148658433,
  "x": 4.6368203097625535,
  "y": 0,
  "z": 18000
}