{
  "height": 64.145454545454555,
  "width": 125.60266666666668,
  "x": 328.15111111111116,
  "y": 24.054545454545455,
  "z": 6000
}