{
  "height": 113.4246575342,
  "id": 3701523229,
  "width": 139.7260273973,
  "x": 252.8767959386,
  "y": 548.4107924422,
  "z": 8000
}