{
  "height": 104.46406199567703,
  "tabOrder": 1000,
  "width": 200.32284183475772,
  "x": 0,
  "y": 0.66964142304928786,
  "z": 2000
}