{
  "height": 250,
  "tabOrder": 3000,
  "width": 275,
  "x": 160.61698929166675,
  "y": 214.16292351955084,
  "z": 17000
}