{
  "height": 95,
  "tabOrder": 1,
  "width": 116.66666666666667,
  "x": 18.333333333333336,
  "y": 100,
  "z": 0
}