{
  "height": 146.28571428571428,
  "tabOrder": 4000,
  "width": 1202.2857142857142,
  "x": 0,
  "y": 0,
  "z": 3000
}