{
  "height": 205.46504661250503,
  "tabOrder": 1000,
  "width": 516.36524106197669,
  "x": 9.1392078064066684,
  "y": 9.38672801783018,
  "z": 16000
}