{
  "height": 184.31060543305017,
  "tabOrder": 1000,
  "width": 281.90393586021395,
  "x": 0,
  "y": 0,
  "z": 0
}