{
  "height": 72.421052631578945,
  "tabOrder": 3000,
  "width": 143.15789473684211,
  "x": 427.78947368421052,
  "y": 101.05263157894737,
  "z": 3000
}