{
  "height": 117.89473684210526,
  "width": 180.31752954952432,
  "x": 0,
  "y": 0,
  "z": 13501
}