{
  "height": 118.78710696737922,
  "width": 144.79880025898922,
  "x": 0,
  "y": 0,
  "z": 13501
}