{
  "height": 119.77804069045942,
  "width": 213.11407595880709,
  "x": 0,
  "y": 0,
  "z": 13501
}