{
  "height": 118.78710696737922,
  "width": 213.05197923569338,
  "x": 0,
  "y": 0,
  "z": 13501
}