{
  "height": 69.162368354540149,
  "tabOrder": 3000,
  "width": 15.553324849757486,
  "x": 386.13721160338616,
  "y": 54.308926388902954,
  "z": 5000
}