{
  "height": 140.80092026745271,
  "tabOrder": 21000,
  "width": 593.02034653821261,
  "x": 677.5008986986843,
  "y": 410.8073908979797,
  "z": 20000
}