{
  "height": 140.33325283747885,
  "tabOrder": 14000,
  "width": 591.62521130161792,
  "x": 64.29364887708283,
  "y": 411.1084279159623,
  "z": 0
}