{
  "name": "6d2d0eee682e6ebe3495",
  "layouts": [
    {
      "id": 0,
      "position": {
        "x": 9.9388884894672511,
        "y": 535.04349701632032,
        "z": 11000,
        "width": 862.730394178703,
        "height": 174.98467310243856,
        "tabOrder": 5000
      }
    }
  ],
  "singleVisualGroup": {
    "displayName": "Group 8",
    "groupMode": 0
  }
}