{
  "height": 174.98467310243856,
  "tabOrder": 5000,
  "width": 862.730394178703,
  "x": 9.9388884894672511,
  "y": 535.04349701632032,
  "z": 11000
}