{
  "name": "efd423a7966ddbd517e0",
  "layouts": [
    {
      "id": 0,
      "position": {
        "height": 248.47221223668129,
        "width": 250,
        "x": 0.44070768168987895,
        "y": 462.15831476022714,
        "z": 14000,
        "tabOrder": 3000
      }
    }
  ],
  "singleVisualGroup": {
    "displayName": "Group 5",
    "groupMode": 0
  }
}