{
  "height": 248.47221223668129,
  "tabOrder": 3000,
  "width": 250,
  "x": 0.44070768168987895,
  "y": 462.15831476022714,
  "z": 14000
}