{
  "height": 42.2680412371134,
  "tabOrder": 11000,
  "width": 273.1958762886598,
  "x": 240.20618556701032,
  "y": 385.56701030927837,
  "z": 13000
}