{
  "height": 32.857142857142861,
  "tabOrder": 5000,
  "width": 248.57142857142858,
  "x": 515.71428571428578,
  "y": 18.571428571428573,
  "z": 4000
}