{
  "name": "6d2d0eee682e6ebe3495",
  "layouts": [
    {
      "id": 0,
      "position": {
        "x": 10,
        "y": 546.66666666666674,
        "z": 11000,
        "width": 865,
        "height": 163.33333333333334
      }
    }
  ],
  "singleVisualGroup": {
    "displayName": "Group 8",
    "groupMode": 0
  }
}