{
  "name": "f25258dd4b187555c907",
  "layouts": [
    {
      "id": 0,
      "position": {
        "height": 487.56663800515912,
        "width": 1254.7342995071976,
        "x": 9.8572740095695348,
        "y": 221.22098022355976,
        "z": 10000,
        "tabOrder": 11000
      }
    }
  ],
  "singleVisualGroup": {
    "displayName": "Detail for client",
    "groupMode": 0,
    "isHidden": false
  }
}