{
  "height": 487.56663800515912,
  "tabOrder": 11000,
  "width": 1254.7342995071976,
  "x": 9.8572740095695348,
  "y": 221.22098022355976,
  "z": 10000
}