{
  "height": 294.05405405405406,
  "tabOrder": 19000,
  "width": 294.05405405405406,
  "x": 64,
  "y": 413.40540540540542,
  "z": 18000
}