{
  "height": 229.65475122987459,
  "tabOrder": 1000,
  "width": 329.85026408695518,
  "x": 0,
  "y": 0,
  "z": 10000
}