{
  "height": 249.75323006960861,
  "tabOrder": 1000,
  "width": 349.8411891831343,
  "x": 0,
  "y": 0,
  "z": 10000
}