{
  "name": "b55f8c8f054508ac4712",
  "layouts": [
    {
      "id": 0,
      "position": {
        "x": 1071.7434754475519,
        "y": 212.0296211086347,
        "z": 10000,
        "width": 200.43425120425624,
        "height": 250.12869365159247,
        "tabOrder": 15000
      }
    }
  ],
  "singleVisualGroup": {
    "displayName": "Group 4",
    "groupMode": 0
  }
}