{
  "height": 250.12869365159247,
  "tabOrder": 15000,
  "width": 200.43425120425624,
  "x": 1071.7434754475519,
  "y": 212.0296211086347,
  "z": 10000
}