{
  "height": 70.4,
  "tabOrder": 3000,
  "width": 288,
  "x": 363.96129032258068,
  "y": 0.057142857142864045,
  "z": 3000
}