{
  "height": 78.947368421052616,
  "width": 167.30462290603205,
  "x": 38.0990725429578,
  "y": 53.289473684210506,
  "z": 40000
}