{
  "height": 79.3367414510105,
  "width": 167.17618940119556,
  "x": 38.069825309183145,
  "y": 53.552300479432077,
  "z": 40000
}