{
  "height": 78.947368421052616,
  "width": 170.00308456580677,
  "x": 38.7135737130055,
  "y": 53.289473684210506,
  "z": 40000
}