{
  "height": 138.04025805022565,
  "tabOrder": 4,
  "width": 599.28548282786107,
  "x": 0.29346454056003779,
  "y": 0,
  "z": 0
}