{
  "name": "a575e0574cdb70db62c8",
  "layouts": [
    {
      "id": 0,
      "position": {
        "x": 9.9388884894672511,
        "y": 490.31849881371772,
        "z": 9000,
        "width": 185.52591847005536,
        "height": 230.25091667265798,
        "tabOrder": 7000
      }
    }
  ],
  "singleVisualGroup": {
    "displayName": "Group 2",
    "groupMode": 0
  }
}