{
  "height": 230.25091667265798,
  "tabOrder": 7000,
  "width": 185.52591847005536,
  "x": 9.9388884894672511,
  "y": 490.31849881371772,
  "z": 9000
}