{
  "height": 43.896757495147028,
  "tabOrder": 4000,
  "width": 13.545810468656573,
  "x": 155.389758786559,
  "y": 30.581516211621818,
  "z": 4000
}