{
  "height": 51.923076923076913,
  "tabOrder": 4000,
  "width": 13.642717847837858,
  "x": 156.5014245898316,
  "y": 36.173205249975709,
  "z": 4000
}