{
  "height": 51.923076923076913,
  "tabOrder": 4000,
  "width": 13.420984473616057,
  "x": 153.95782665488483,
  "y": 36.173205249975709,
  "z": 4000
}