{
  "height": 46.38147961751384,
  "tabOrder": 4000,
  "width": 13.545810468656573,
  "x": 155.389758786559,
  "y": 32.312545431147576,
  "z": 4000
}