{
  "height": 71.314285714285717,
  "tabOrder": 4000,
  "width": 220.34285714285716,
  "x": 1047.7714285714285,
  "y": 74.057142857142864,
  "z": 15000
}