{
  "height": 109.89171347501299,
  "width": 139.98681584875212,
  "x": 0.013184151247912975,
  "y": 0,
  "z": 3000
}