{
  "height": 109.36591580288373,
  "width": 191.98191887828864,
  "x": 0.018081121711423509,
  "y": 0,
  "z": 3000
}