{
  "height": 109.89171347501299,
  "width": 144.98634498620754,
  "x": 0.013655013792481296,
  "y": 0,
  "z": 3000
}