{
  "name": "e82bb7da27ac020dc436",
  "layouts": [
    {
      "id": 0,
      "position": {
        "x": 341.63337898889955,
        "y": 189.2380971850277,
        "z": 23000,
        "width": 562.69027127583456,
        "height": 120.57648670196455,
        "tabOrder": 22000
      }
    }
  ],
  "singleVisualGroup": {
    "displayName": "Group 7",
    "groupMode": 0
  }
}