{
  "height": 120.57648670196455,
  "tabOrder": 22000,
  "width": 562.69027127583456,
  "x": 341.63337898889955,
  "y": 189.2380971850277,
  "z": 23000
}