{
  "height": 71.314285714285717,
  "tabOrder": 13000,
  "width": 363.8857142857143,
  "x": 64.914285714285711,
  "y": 74.057142857142864,
  "z": 12000
}