{
  "height": 63.555944055944039,
  "tabOrder": 1000,
  "width": 114.37573881227132,
  "x": 144.63627233532077,
  "y": 54.464623036033629,
  "z": 4000
}