{
  "height": 69.681818181818173,
  "tabOrder": 1000,
  "width": 179.82775119617224,
  "x": 227.40500621507078,
  "y": 59.71422525637422,
  "z": 4000
}