{
  "height": 170.10526315789474,
  "tabOrder": 17000,
  "width": 293.05263157894734,
  "x": 614.73684210526312,
  "y": 340.21052631578948,
  "z": 5000
}