{
  "height": 50.074861144651045,
  "tabOrder": 8000,
  "width": 50.074861144651045,
  "x": 6,
  "y": 392.1126162416582,
  "z": 13000
}