{
  "height": 113.4246575342,
  "id": 3701523234,
  "width": 139.7260273973,
  "x": 518.4932175728,
  "y": 547.177882286,
  "z": 4000
}