{
  "height": 170.19101123595507,
  "width": 391,
  "x": 0.41735439076163922,
  "y": 0,
  "z": 11000
}