{
  "name": "aa6a5476682405dd0ad0",
  "layouts": [
    {
      "id": 0,
      "position": {
        "x": 988.88888888888891,
        "y": 461.11111111111109,
        "z": 12000,
        "width": 285.55555555555554,
        "height": 250
      }
    }
  ],
  "singleVisualGroup": {
    "displayName": "Group 7",
    "groupMode": 0
  }
}