{
  "name": "aa6a5476682405dd0ad0",
  "layouts": [
    {
      "id": 0,
      "position": {
        "x": 988.91940470199143,
        "y": 462.15831476022714,
        "z": 12000,
        "width": 274.97591487526063,
        "height": 245.15924940685886
      }
    }
  ],
  "singleVisualGroup": {
    "displayName": "Group 7",
    "groupMode": 0
  }
}