{
  "height": 250,
  "width": 285.55555555555554,
  "x": 988.88888888888891,
  "y": 461.11111111111109,
  "z": 12000
}