{
  "height": 221.96850959810195,
  "tabOrder": 15000,
  "width": 172.27406715076569,
  "x": 9.9388884894672511,
  "y": 488.66201739880648,
  "z": 9000
}