{
  "height": 109.90187332738627,
  "width": 166.54970760233923,
  "x": 0.11695906432748875,
  "y": 0.098126672613729926,
  "z": 0
}