{
  "height": 109.90187332738627,
  "width": 139.90175438596489,
  "x": 0.098245614035090523,
  "y": 0.098126672613729926,
  "z": 0
}