{
  "height": 177.51538320011448,
  "tabOrder": 2000,
  "width": 269.6224216530041,
  "x": 934.46777194022536,
  "y": 507.42604820410082,
  "z": 24000
}