{
  "name": "80e3ef8ed48637ae2032",
  "layouts": [
    {
      "id": 0,
      "position": {
        "height": 134.438993907202,
        "width": 600.21621621621625,
        "x": 0,
        "y": 0,
        "z": 1000,
        "tabOrder": 0
      }
    }
  ],
  "singleVisualGroup": {
    "displayName": "Group 1",
    "groupMode": 0
  },
  "parentGroupName": "4747b6cc44a200543d18"
}