{
  "height": 134.438993907202,
  "width": 600.21621621621625,
  "x": 0,
  "y": 0,
  "z": 1000
}