{
  "height": 113.42465753424659,
  "id": 3701523229,
  "tabOrder": 8000,
  "width": 139.72602739726028,
  "x": 252.87679593857,
  "y": 548.41079244220555,
  "z": 8000
}