{
  "name": "759877721c7d0c38e917",
  "layouts": [
    {
      "id": 0,
      "position": {
        "height": 140.19354838709677,
        "width": 1203.2755760368664,
        "x": 64.838709677419359,
        "y": 74,
        "z": 0,
        "tabOrder": 13000
      }
    }
  ],
  "singleVisualGroup": {
    "displayName": "Group 1",
    "groupMode": 0
  }
}