{
  "name": "4747b6cc44a200543d18",
  "layouts": [
    {
      "id": 0,
      "position": {
        "x": 65.729729729729726,
        "y": 427.24324324324323,
        "z": 17004,
        "width": 600.21621621621625,
        "height": 280.2162162162162,
        "tabOrder": 18000
      }
    }
  ],
  "singleVisualGroup": {
    "displayName": "Group 2",
    "groupMode": 0
  }
}