{
  "height": 280.2162162162162,
  "tabOrder": 18000,
  "width": 600.21621621621625,
  "x": 65.729729729729726,
  "y": 427.24324324324323,
  "z": 17004
}