{
  "height": 95,
  "id": 3700560262,
  "tabOrder": 5000,
  "width": 116.66666666666667,
  "x": 18.333333333333336,
  "y": 100,
  "z": 2000
}