{
  "height": 144.021914671791,
  "width": 333.53780128774082,
  "x": 8.0955777011587582,
  "y": 0,
  "z": 13000
}