{
  "height": 160.71428571428572,
  "width": 291.20879120879124,
  "x": 0,
  "y": 0,
  "z": 12000
}