{
  "height": 88.037993188409231,
  "width": 124.28893156010716,
  "x": 32.32573595666851,
  "y": 339.67587915911668,
  "z": 25000
}