{
  "height": 89.332669558827021,
  "tabOrder": 40,
  "width": 115.87353515239157,
  "x": 506.08876724416632,
  "y": 594.676827953124,
  "z": 30
}