{
  "height": 198.33613098566462,
  "width": 301.69697237039867,
  "x": 0,
  "y": 0,
  "z": 5000
}