{
  "name": "4cc41cfde2684a7395e4",
  "layouts": [
    {
      "id": 0,
      "position": {
        "height": 228.52181926080641,
        "width": 260.52947776257236,
        "x": 0,
        "y": 0,
        "z": 7000,
        "tabOrder": 1000
      }
    }
  ],
  "singleVisualGroup": {
    "displayName": "Group 8",
    "groupMode": 0
  },
  "parentGroupName": "6c67f9e7ba3b48cde85e"
}