{
  "height": 228.52181926080641,
  "tabOrder": 1000,
  "width": 260.52947776257236,
  "x": 0,
  "y": 0,
  "z": 7000
}