{
  "name": "e34377c5451c60394c44",
  "layouts": [
    {
      "id": 0,
      "position": {
        "x": 258.4111007261485,
        "y": 225.28147242792434,
        "z": 12000,
        "width": 332.95276439715292,
        "height": 251.78517506650368,
        "tabOrder": 12000
      }
    }
  ],
  "singleVisualGroup": {
    "displayName": "Group 2",
    "groupMode": 0
  }
}