{
  "height": 251.78517506650368,
  "tabOrder": 12000,
  "width": 332.95276439715292,
  "x": 258.4111007261485,
  "y": 225.28147242792434,
  "z": 12000
}