{
  "height": 41.237113402061858,
  "tabOrder": 6000,
  "width": 578.35051546391753,
  "x": 0,
  "y": 0,
  "z": 1000
}