{
  "height": 168.81836431311942,
  "width": 338.04213596376826,
  "x": 0,
  "y": 0,
  "z": 10500
}