{
  "height": 64.145454545454555,
  "width": 142.57600000000002,
  "x": 23.76265630696615,
  "y": 24.054545454545455,
  "z": 4000
}