{
  "height": 146.98479125417484,
  "width": 437.54694236073078,
  "x": 9.98205952153756,
  "y": 10.175870163750568,
  "z": 1000
}