{
  "height": 192.79290534701786,
  "width": 436.75716224322787,
  "x": 9.9640417241801025,
  "y": 13.347201139408929,
  "z": 3000
}