{
  "height": 183.73098906771858,
  "width": 435.96162735217746,
  "x": 9.9458926392131737,
  "y": 12.71983770468821,
  "z": 3000
}