{
  "height": 192.2551287630653,
  "width": 438.64223631665487,
  "x": 10.007047216349541,
  "y": 13.309970452827597,
  "z": 3000
}