{
  "height": 488.66201739880654,
  "tabOrder": 12000,
  "width": 1254.0483395582164,
  "x": 9.9388884894672511,
  "y": 221.96850959810195,
  "z": 11000
}