{
  "height": 257.242718446602,
  "width": 867.72815533980577,
  "x": 0,
  "y": 0,
  "z": 17001
}