{
  "height": 228.88888888888889,
  "tabOrder": 13000,
  "width": 260,
  "x": 164.97929116404922,
  "y": 221.00524958804212,
  "z": 17000
}