{
  "height": 235.78947368421052,
  "tabOrder": 9003,
  "width": 1248,
  "x": 16.842105263157894,
  "y": 464.84210526315792,
  "z": 9003
}