{
  "height": 129.68421052631578,
  "tabOrder": 1000,
  "width": 341.89473684210526,
  "x": 0,
  "y": 0,
  "z": 6000
}