{
  "height": 150.7206083774557,
  "tabOrder": 1000,
  "width": 341.63337898889955,
  "x": 0,
  "y": 0,
  "z": 6000
}