{
  "height": 245.15924940685895,
  "width": 261.72406355597093,
  "x": 0,
  "y": 0,
  "z": 7000
}