{
  "name": "2624ba9c45aeee0b1583",
  "layouts": [
    {
      "id": 0,
      "position": {
        "x": 857.26315789473688,
        "y": 535,
        "z": 9000,
        "width": 409.26315789473682,
        "height": 170,
        "tabOrder": 24000
      }
    }
  ],
  "singleVisualGroup": {
    "displayName": "Group 2",
    "groupMode": 0
  }
}