{
  "height": 131.19950007811278,
  "tabOrder": 17006,
  "width": 198.91891891891891,
  "x": 211.02702702702703,
  "y": 149.01671613810345,
  "z": 2000
}