{
  "name": "7f85db4078cdb854503e",
  "layouts": [
    {
      "id": 0,
      "position": {
        "height": 118.78710696737922,
        "width": 190.09418039879418,
        "x": 192.22160907489007,
        "y": 0,
        "z": 16000
      }
    }
  ],
  "singleVisualGroup": {
    "displayName": "Group 4",
    "groupMode": 0
  },
  "parentGroupName": "e82bb7da27ac020dc436"
}