{
  "height": 78.464909127373033,
  "tabOrder": 3000,
  "width": 175.04056188494729,
  "x": 215.3006598585383,
  "y": 45.889257469234515,
  "z": 36500
}