{
  "height": 71.228700841181961,
  "tabOrder": 17000,
  "width": 190.49536271478897,
  "x": 0,
  "y": 0,
  "z": 18000
}