{
  "height": 131.19950007811278,
  "tabOrder": 17005,
  "width": 295.7837837837838,
  "x": 0,
  "y": 3.2394938290892248,
  "z": 2000
}