{
  "height": 111.1578947368421,
  "tabOrder": 1000,
  "width": 207.30337078651692,
  "x": 0,
  "y": 0,
  "z": 8000
}