{
  "name": "40cc41c9e20ec9d0eda5",
  "layouts": [
    {
      "id": 0,
      "position": {
        "x": 65.6842105263158,
        "y": 242.52631578947367,
        "z": 13000,
        "width": 217.26315789473685,
        "height": 139.78947368421052
      }
    }
  ],
  "singleVisualGroup": {
    "displayName": "Group 2",
    "groupMode": 0
  }
}