{
  "height": 139.78947368421052,
  "width": 217.26315789473685,
  "x": 65.6842105263158,
  "y": 242.52631578947367,
  "z": 13000
}