{
  "height": 239.49579831932772,
  "width": 290.26332089219835,
  "x": 0,
  "y": 0,
  "z": 18004
}