{
  "height": 106.97142857142858,
  "tabOrder": 23,
  "width": 295.31428571428569,
  "x": 296.2285714285714,
  "y": 33.298237140787251,
  "z": 21000
}