{
  "height": 183.5948360915626,
  "width": 345.4398437343952,
  "x": 0,
  "y": 0,
  "z": 0
}