{
  "height": 87.793514990294057,
  "tabOrder": 23000,
  "width": 147.42684592709756,
  "x": 704.00460133726358,
  "y": 448.9064634409375,
  "z": 22000
}