{
  "height": 250.12869365159247,
  "tabOrder": 7000,
  "width": 350,
  "x": 915.69581096355148,
  "y": 462.15831476022714,
  "z": 15000
}