{
  "height": 151.92845474430322,
  "tabOrder": 1000,
  "width": 579.716118395631,
  "x": 0.28388160436899718,
  "y": 0,
  "z": 0
}