{
  "height": 102.0618556701031,
  "tabOrder": 17000,
  "width": 528.86597938144337,
  "x": 103.09278350515464,
  "y": 427.83505154639175,
  "z": 15000
}