{
  "height": 69.572219426270763,
  "tabOrder": 3000,
  "width": 188.83888129987776,
  "x": 225.5939190753044,
  "y": 62.3886125572385,
  "z": 4000
}