{
  "height": 63.455980355829375,
  "tabOrder": 3000,
  "width": 134.87020183375506,
  "x": 161.51122935647214,
  "y": 57.412553655274195,
  "z": 4000
}