{
  "name": "e783695f07e749b249de",
  "layouts": [
    {
      "id": 0,
      "position": {
        "x": 644.37127040046,
        "y": 212.0296211086347,
        "z": 13000,
        "width": 620,
        "height": 150,
        "tabOrder": 11000
      }
    }
  ],
  "singleVisualGroup": {
    "displayName": "Group 5",
    "groupMode": 0
  }
}