{
  "name": "e783695f07e749b249de",
  "layouts": [
    {
      "id": 0,
      "position": {
        "x": 644.4052212396449,
        "y": 228.6188266057415,
        "z": 13000,
        "width": 619.524049176792,
        "height": 149.08332734200877,
        "tabOrder": 11000
      }
    }
  ],
  "singleVisualGroup": {
    "displayName": "Group 5",
    "groupMode": 0
  }
}