{
  "height": 149.08332734200877,
  "tabOrder": 11000,
  "width": 619.524049176792,
  "x": 644.4052212396449,
  "y": 228.6188266057415,
  "z": 13000
}