{
  "height": 150,
  "tabOrder": 11000,
  "width": 620,
  "x": 644.37127040046,
  "y": 212.0296211086347,
  "z": 13000
}