{
  "height": 139.82504800512055,
  "tabOrder": 5000,
  "width": 150.18245896846281,
  "x": 64.733818520889145,
  "y": 228.51037937873869,
  "z": 0
}