{
  "name": "aa6a5476682405dd0ad0",
  "layouts": [
    {
      "id": 0,
      "position": {
        "x": 989.11487782167387,
        "y": 460.7470679073233,
        "z": 12000,
        "width": 275,
        "height": 250.00000000000003,
        "tabOrder": 8000
      }
    }
  ],
  "singleVisualGroup": {
    "displayName": "Group 7",
    "groupMode": 0
  }
}