{
  "height": 250,
  "tabOrder": 8000,
  "width": 275,
  "x": 989.11487782167387,
  "y": 460.7470679073233,
  "z": 12000
}