{
  "height": 71.2287008412,
  "id": 3700560269,
  "width": 192.1518441297,
  "x": 664.2490473794,
  "y": 100,
  "z": 9000
}