{
  "height": 38.972108191060812,
  "tabOrder": 13000,
  "width": 333.14866679455207,
  "x": 866.81511605601384,
  "y": 174.74590446959525,
  "z": 10000
}