{
  "height": 251.78517506650368,
  "tabOrder": 1000,
  "width": 246.81573082177007,
  "x": 0,
  "y": 0,
  "z": 0
}