{
  "height": 320.43240167840128,
  "tabOrder": 16000,
  "width": 1205.3437008589558,
  "x": 64.733818520889145,
  "y": 390.34492568096152,
  "z": 7000
}