{
  "height": 225.68421052631578,
  "tabOrder": 16000,
  "width": 931.36842105263156,
  "x": 64,
  "y": 485.05263157894734,
  "z": 3000
}