{
  "height": 257.24271844660194,
  "tabOrder": 11000,
  "width": 867.72815533980577,
  "x": 397.04854368932035,
  "y": 437.126213592233,
  "z": 9000
}