{
  "height": 79.173082474440719,
  "tabOrder": 16000,
  "width": 239.17525773195877,
  "x": 326.59793813849541,
  "y": 192.60845064317428,
  "z": 16000
}