{
  "height": 78.947368421052644,
  "tabOrder": 1000,
  "width": 174.85521556793222,
  "x": 407.28470943262261,
  "y": 52.605141852449989,
  "z": 39000
}