{
  "height": 78.947368421052644,
  "tabOrder": 1000,
  "width": 177.47401487943353,
  "x": 413.38459563380246,
  "y": 52.605141852449989,
  "z": 39000
}