{
  "height": 208.27814569536423,
  "tabOrder": 1000,
  "width": 448.71688741721852,
  "x": 17.052589704412643,
  "y": 7.8474464339874235,
  "z": 18004
}