{
  "height": 231.25,
  "tabOrder": 1000,
  "width": 462.5,
  "x": 17.576389388165936,
  "y": 8.712973614206625,
  "z": 18004
}