{
  "height": 231.25,
  "tabOrder": 1000,
  "width": 471.50728002552427,
  "x": 17.918693087748345,
  "y": 8.712973614206625,
  "z": 18004
}