{
  "height": 116.7123287671233,
  "id": 3701523231,
  "tabOrder": 5000,
  "width": 170.95890410958904,
  "x": 1038.9041095890411,
  "y": 535.5340466695169,
  "z": 5000
}