{
  "name": "57789a312e50eab2dc80",
  "layouts": [
    {
      "id": 0,
      "position": {
        "height": 117.89473684210526,
        "width": 180.31752954952432,
        "x": 20.103523082054632,
        "y": 0,
        "z": 1000,
        "tabOrder": 1000
      }
    }
  ],
  "singleVisualGroup": {
    "displayName": "Group 1",
    "groupMode": 0
  },
  "parentGroupName": "7f85db4078cdb854503e"
}