{
  "height": 118.78710696737922,
  "tabOrder": 1000,
  "width": 213.05197923569338,
  "x": 32.126885757763262,
  "y": 0,
  "z": 1000
}