{
  "height": 118.78710696737922,
  "tabOrder": 1000,
  "width": 144.79880025898922,
  "x": 21.834739721593596,
  "y": 0,
  "z": 1000
}