{
  "height": 119.77804069045942,
  "tabOrder": 1000,
  "width": 213.11407595880709,
  "x": 32.1362495493439,
  "y": 0,
  "z": 1000
}