{
  "height": 117.89473684210526,
  "tabOrder": 1000,
  "width": 180.31752954952432,
  "x": 20.103523082054632,
  "y": 0,
  "z": 1000
}