{
  "height": 200,
  "tabOrder": 3000,
  "width": 415.77683514271331,
  "x": 425.71572363218058,
  "y": 308.44686076149469,
  "z": 11000
}