{
  "height": 250,
  "width": 283.33333333333331,
  "x": 988.88888888888891,
  "y": 212.22222222222223,
  "z": 14000
}