{
  "height": 168.81836431311942,
  "tabOrder": 1000,
  "width": 389.91988950276243,
  "x": 0,
  "y": 0,
  "z": 10500
}