{
  "height": 272.80475733742566,
  "tabOrder": 3000,
  "width": 357.66338001150967,
  "x": 842.30040283905623,
  "y": 215.60375983119124,
  "z": 4000
}