{
  "height": 139.71504467519921,
  "tabOrder": 15000,
  "width": 288.70321178459307,
  "x": 980.26833544104011,
  "y": 239.47788252356779,
  "z": 15000
}