{
  "height": 69.930839114035038,
  "width": 15.804184927979382,
  "x": 392.36523114537613,
  "y": 54.912358904335207,
  "z": 5000
}