{
  "name": "ca3df33093c0400d903b",
  "layouts": [
    {
      "id": 0,
      "position": {
        "height": 61.855670103092777,
        "width": 627.8350515463917,
        "x": 652.57731958762884,
        "y": 79.381443298969074,
        "z": 19000,
        "tabOrder": 14000
      }
    }
  ],
  "singleVisualGroup": {
    "displayName": "Group 10",
    "groupMode": 0
  }
}