{
  "height": 61.855670103092777,
  "tabOrder": 14000,
  "width": 627.8350515463917,
  "x": 652.57731958762884,
  "y": 79.381443298969074,
  "z": 19000
}