{
  "name": "9934dd656194513af15f",
  "layouts": [
    {
      "id": 0,
      "position": {
        "x": 65.3122636302308,
        "y": 194.26211746427623,
        "z": 18000,
        "width": 264.59840137375556,
        "height": 311.48925731340842,
        "tabOrder": 24000
      }
    }
  ],
  "singleVisualGroup": {
    "displayName": "Group 2",
    "groupMode": 0
  }
}