{
  "height": 311.48925731340842,
  "tabOrder": 24000,
  "width": 264.59840137375556,
  "x": 65.3122636302308,
  "y": 194.26211746427623,
  "z": 18000
}