{
  "height": 79.8245614035088,
  "tabOrder": 2000,
  "width": 174.80284729933177,
  "x": 409.29447172526449,
  "y": 55.877192982456144,
  "z": 42000
}