{
  "height": 71.228700841181961,
  "id": 3700560271,
  "tabOrder": 2000,
  "width": 216.99906535336831,
  "x": 1048.552735638795,
  "y": 100,
  "z": 11000
}