{
  "height": 221.96850959810195,
  "width": 172.27406715076569,
  "x": 0,
  "y": 0,
  "z": 0
}