{
  "name": "72718fc9b3ad17beaaaa",
  "layouts": [
    {
      "id": 0,
      "position": {
        "x": 340,
        "y": 330,
        "z": 13000,
        "width": 302.62857142857143,
        "height": 200.22857142857143,
        "tabOrder": 19000
      }
    }
  ],
  "singleVisualGroup": {
    "displayName": "Group 3",
    "groupMode": 0
  }
}