{
  "height": 170.10526315789474,
  "width": 338.5263157894737,
  "x": 469.89473684210526,
  "y": 527.15789473684208,
  "z": 8000
}