{
  "name": "fff9d3dd31110571ba4b",
  "layouts": [
    {
      "id": 0,
      "position": {
        "x": 9.95023893113804,
        "y": 338.20192439132478,
        "z": 10000,
        "width": 230,
        "height": 120,
        "tabOrder": 3000
      }
    }
  ],
  "singleVisualGroup": {
    "displayName": "Group 11",
    "groupMode": 0
  }
}