{
  "height": 120,
  "tabOrder": 3000,
  "width": 230,
  "x": 9.95023893113804,
  "y": 338.20192439132478,
  "z": 10000
}