{
  "height": 139.78947368421052,
  "tabOrder": 1000,
  "width": 139.78947368421052,
  "x": 0.56136924342115435,
  "y": 0.56142064144728465,
  "z": 13000
}