{
  "height": 140.34172661870502,
  "width": 143.0542221921481,
  "x": 0,
  "y": 0,
  "z": 1000
}