{
  "height": 247.06520091437724,
  "width": 319.34075120242835,
  "x": 14.027888295713907,
  "y": 16.030948150932876,
  "z": 13000
}