{
  "height": 140,
  "tabOrder": 19,
  "width": 591.62521130161792,
  "x": 0.79206307683312593,
  "y": 0,
  "z": 4000
}