{
  "height": 140.80092026745271,
  "tabOrder": 7000,
  "width": 599.64627219785746,
  "x": 66.259256596448338,
  "y": 409.15090948306852,
  "z": 0
}