{
  "height": 88.037993188409231,
  "tabOrder": 16000,
  "width": 119.75756426364491,
  "x": 491.97702075875748,
  "y": 446.66334779413506,
  "z": 16000
}