{
  "height": 95.876288659793829,
  "tabOrder": 1000,
  "width": 254.5734512650009,
  "x": 0.065723992731142836,
  "y": 0,
  "z": 4000
}