{
  "height": 440.62405636638152,
  "tabOrder": 15000,
  "width": 601.42309176813671,
  "x": 675.81595997900774,
  "y": 254.42222685598188,
  "z": 22000
}