{
  "height": 168.81836431311939,
  "tabOrder": 1000,
  "width": 386.572937661537,
  "x": 0,
  "y": 0,
  "z": 10500
}