{
  "height": 344.54813430153126,
  "tabOrder": 1000,
  "width": 909.40829678625323,
  "x": 0,
  "y": 0,
  "z": 0
}