{
  "height": 334.609245812064,
  "tabOrder": 1000,
  "width": 891.18700122222992,
  "x": 0,
  "y": 0,
  "z": 0
}