{
  "height": 323.01387590768559,
  "tabOrder": 1000,
  "width": 450.56294485584863,
  "x": 0,
  "y": 0,
  "z": 0
}