{
  "height": 80.426531855557386,
  "width": 174.52288939963316,
  "x": 217.08944778978753,
  "y": 52.283663884410736,
  "z": 39500
}