{
  "height": 72.8851822561,
  "id": 3700560270,
  "width": 192.1518441297,
  "x": 856.4008915091,
  "y": 100,
  "z": 10000
}