{
  "height": 85.401636159773545,
  "tabOrder": 21000,
  "width": 113.34520257808337,
  "x": 103.16623549934549,
  "y": 295.7115408840923,
  "z": 8000
}