{
  "height": 278.288877705083,
  "tabOrder": 1000,
  "width": 250.1286936515925,
  "x": 0,
  "y": 0,
  "z": 0
}