{
  "height": 25.373134328358208,
  "tabOrder": 4000,
  "width": 250,
  "x": 2.3621394580780888,
  "y": 124.87552363973862,
  "z": 2000
}