{
  "height": 233.3333333333,
  "id": 3700560263,
  "width": 281.6666666667,
  "x": 490,
  "y": 220,
  "z": 3000
}