{
  "height": 86.137033575382844,
  "width": 183.86943705514415,
  "x": 196.05816934253556,
  "y": 191.9892805283375,
  "z": 24000
}