{
  "name": "50b45620e559fbf85580",
  "layouts": [
    {
      "id": 0,
      "position": {
        "x": 64,
        "y": 225.68421052631578,
        "z": 15000,
        "width": 290,
        "height": 240.84210526315789
      }
    }
  ],
  "singleVisualGroup": {
    "displayName": "Group 5",
    "groupMode": 0
  }
}