{
  "name": "f0cad884de0406b63835",
  "layouts": [
    {
      "id": 0,
      "position": {
        "height": 250.76452599388375,
        "width": 275.53541010156323,
        "x": 0,
        "y": 0,
        "z": 0,
        "tabOrder": 1000
      }
    }
  ],
  "singleVisualGroup": {
    "displayName": "Group 8",
    "groupMode": 0
  },
  "parentGroupName": "c51bf142c1104eb8485c"
}