{
  "height": 250.76452599388375,
  "tabOrder": 1000,
  "width": 275.53541010156323,
  "x": 0,
  "y": 0,
  "z": 0
}