{
  "height": 229.47072920565554,
  "tabOrder": 1000,
  "width": 274.97877290943893,
  "x": 0,
  "y": 0,
  "z": 0
}