{
  "height": 163.36842105263159,
  "width": 260.69360316192297,
  "x": 0.35902841702439375,
  "y": 0,
  "z": 10000
}