{
  "height": 189.2380971850277,
  "width": 260.8897559613705,
  "x": 0.359298559552735,
  "y": 0,
  "z": 10000
}