{
  "height": 94.018035438398357,
  "tabOrder": 14000,
  "width": 280.41237113402065,
  "x": 2.8865979323098361,
  "y": 181.72215180293884,
  "z": 14000
}