{
  "name": "84844a5e5e15c257dcb4",
  "layouts": [
    {
      "id": 0,
      "position": {
        "x": 222.31578947368422,
        "y": 235.78947368421052,
        "z": 4000,
        "width": 154.94736842105263,
        "height": 183.57894736842104,
        "tabOrder": 19000
      }
    }
  ],
  "singleVisualGroup": {
    "displayName": "Group 2",
    "groupMode": 0
  }
}