{
  "height": 183.57894736842104,
  "tabOrder": 19000,
  "width": 288,
  "x": 976.84210526315792,
  "y": 235,
  "z": 8000
}