{
  "height": 183.57894736842104,
  "tabOrder": 19000,
  "width": 154.94736842105263,
  "x": 222.31578947368422,
  "y": 235.78947368421052,
  "z": 4000
}