{
  "height": 79.7850612510522,
  "width": 172.74559466463981,
  "x": 36.129797576918143,
  "y": 52.059223645331549,
  "z": 2000
}