{
  "height": 139.78947368421052,
  "width": 160.99891107078039,
  "x": 0.646542507940226,
  "y": 0.56142064144728465,
  "z": 13000
}