{
  "height": 140.33325283747885,
  "tabOrder": 4000,
  "width": 591.62521130161792,
  "x": 678.79256218304749,
  "y": 566.8968848104322,
  "z": 3000
}