{
  "height": 266.51893343564166,
  "tabOrder": 7000,
  "width": 318.69127182044889,
  "x": 492.18001150968735,
  "y": 221.88958373297527,
  "z": 8000
}