{
  "height": 69.93083911403501,
  "tabOrder": 1000,
  "width": 15.804184927979385,
  "x": 204.29543050242171,
  "y": 54.9123589043352,
  "z": 4000
}