{
  "height": 69.587628865979354,
  "tabOrder": 1000,
  "width": 16.071428571428569,
  "x": 207.75000000007608,
  "y": 54.642857142885639,
  "z": 4000
}