{
  "height": 69.587628865979354,
  "tabOrder": 1000,
  "width": 15.816326530612242,
  "x": 204.45238095245583,
  "y": 54.642857142885639,
  "z": 4000
}