{
  "name": "619609a8a4db3c2bda40",
  "layouts": [
    {
      "id": 0,
      "position": {
        "height": 140.19354838709677,
        "width": 1203.2755760368664,
        "x": 64.838709677419359,
        "y": 74,
        "z": 24000,
        "tabOrder": 13000
      }
    }
  ],
  "singleVisualGroup": {
    "displayName": "Group 1",
    "groupMode": 0
  }
}