{
  "name": "6d2d0eee682e6ebe3495",
  "layouts": [
    {
      "id": 0,
      "position": {
        "x": 0,
        "y": 324.67035732259683,
        "z": 3000,
        "width": 864.68329858365087,
        "height": 163.99166007620966,
        "tabOrder": 16000
      }
    }
  ],
  "singleVisualGroup": {
    "displayName": "Group 8",
    "groupMode": 0,
    "isHidden": false
  },
  "parentGroupName": "49aecae09a19f58dc2eb"
}