{
  "height": 163.99166007620966,
  "tabOrder": 16000,
  "width": 864.68329858365087,
  "x": 0,
  "y": 324.67035732259683,
  "z": 3000
}