{
  "height": 69.5876288659794,
  "tabOrder": 1000,
  "width": 15.828477461060181,
  "x": 204.60945198004615,
  "y": 54.64285714288566,
  "z": 4000
}