{
  "height": 69.5876288659794,
  "tabOrder": 1000,
  "width": 16.065539911513849,
  "x": 207.673879256245,
  "y": 54.64285714288566,
  "z": 4000
}