{
  "height": 69.162368354540163,
  "tabOrder": 1000,
  "width": 15.798394187607016,
  "x": 204.22057553187472,
  "y": 54.308926388902968,
  "z": 4000
}