{
  "name": "a407143667c00cd50c19",
  "layouts": [
    {
      "id": 0,
      "position": {
        "x": 9.9388884894672511,
        "y": 212.0296211086347,
        "z": 11000,
        "width": 250.12869365159247,
        "height": 278.28887770508305,
        "tabOrder": 3000
      }
    }
  ],
  "singleVisualGroup": {
    "displayName": "Group 2",
    "groupMode": 0
  }
}