{
  "height": 278.28887770508305,
  "tabOrder": 3000,
  "width": 250.12869365159247,
  "x": 9.9388884894672511,
  "y": 212.0296211086347,
  "z": 11000
}