{
  "name": "a0d9cf9b0bc9f6a0fa00",
  "layouts": [
    {
      "id": 0,
      "position": {
        "x": 527.85714285714289,
        "y": 222.14285714285717,
        "z": 12000,
        "width": 171.42857142857144,
        "height": 112.85714285714286,
        "tabOrder": 21000
      }
    }
  ],
  "singleVisualGroup": {
    "displayName": "Group 8",
    "groupMode": 0
  }
}