{
  "height": 112.85714285714286,
  "tabOrder": 21000,
  "width": 171.42857142857144,
  "x": 527.85714285714289,
  "y": 222.14285714285717,
  "z": 12000
}