{
  "height": 52.56363636363637,
  "width": 13.578666666666665,
  "x": 452.62222222222221,
  "y": 26.727272727272712,
  "z": 9000
}