{
  "height": 31.009332087137821,
  "tabOrder": 1000,
  "width": 332.952764397153,
  "x": 0,
  "y": 0,
  "z": 5000
}