{
  "height": 58.509289976685146,
  "tabOrder": 1000,
  "width": 103.31474584801205,
  "x": 0,
  "y": 17.688855109230413,
  "z": 0
}