{
  "height": 173.33333333333334,
  "tabOrder": 17000,
  "width": 308.33333333333337,
  "x": 65,
  "y": 373.33333333333337,
  "z": 17000
}