{
  "height": 206.38750149226442,
  "width": 179.07162280513052,
  "x": 11.784398639536471,
  "y": 13.561902726492866,
  "z": 13000
}