{
  "height": 48.9845218409457,
  "width": 81.631404126824336,
  "x": 45.917664821338704,
  "y": 0,
  "z": 1000
}