{
  "height": 71.2287008412,
  "id": 3700560271,
  "width": 216.9990653534,
  "x": 1048.5527356388,
  "y": 100,
  "z": 11000
}