{
  "height": 173.75886524822693,
  "width": 308.71409395973166,
  "x": 1.2397399660515107,
  "y": 0.6978480640479765,
  "z": 13000
}