{
  "height": 127.16461203770848,
  "tabOrder": 12000,
  "width": 362.929659173314,
  "x": 64.046410442349526,
  "y": 501.23277737490935,
  "z": 10000
}