{
  "name": "250c80463b56c7d96b28",
  "layouts": [
    {
      "id": 0,
      "position": {
        "height": 31.61605900538374,
        "width": 319.70091307786322,
        "x": 0,
        "y": 0,
        "z": 7000,
        "tabOrder": 1000
      }
    }
  ],
  "singleVisualGroup": {
    "displayName": "Grupo 4",
    "groupMode": 0
  },
  "parentGroupName": "e1ffce05c2d53266e71c"
}