{
  "height": 31.61605900538374,
  "tabOrder": 1000,
  "width": 319.70091307786322,
  "x": 0,
  "y": 0,
  "z": 7000
}