{
  "name": "3b9b6b1590cd2000bbe6",
  "layouts": [
    {
      "id": 0,
      "position": {
        "height": 125.5541147132169,
        "width": 328.14242017334288,
        "x": 92.410804783794745,
        "y": 463.71135000958031,
        "z": 5000,
        "tabOrder": 2000
      }
    }
  ],
  "singleVisualGroup": {
    "displayName": "Group 4",
    "groupMode": 0
  }
}