{
  "height": 125.5541147132169,
  "tabOrder": 2000,
  "width": 328.14242017334288,
  "x": 92.410804783794745,
  "y": 463.71135000958031,
  "z": 5000
}