{
  "height": 149.0833273420088,
  "width": 621.180530591703,
  "x": 0,
  "y": 0,
  "z": 0
}