{
  "height": 50.074861144651045,
  "tabOrder": 10004,
  "width": 50.074861144651045,
  "x": 6.8002897850760684,
  "y": 191.64453030668921,
  "z": 22003
}