{
  "height": 109.47368421052632,
  "width": 192,
  "x": 304.84210526315792,
  "y": 242.52631578947367,
  "z": 13002
}