{
  "height": 140.80092026745271,
  "tabOrder": 23000,
  "width": 593.02034653821261,
  "x": 677.5008986986843,
  "y": 554.92127399525486,
  "z": 22000
}