{
  "height": 78.464909127373048,
  "width": 174.52288939963316,
  "x": 36.181574631631314,
  "y": 52.283663884410736,
  "z": 38500
}