{
  "height": 233.33333333333331,
  "tabOrder": 12000,
  "width": 235.55555555555554,
  "x": 18.888888888888889,
  "y": 220,
  "z": 12000
}