{
  "height": 90.401785714285722,
  "tabOrder": 1000,
  "width": 159.8173515981735,
  "x": 0,
  "y": 0,
  "z": 8000
}