{
  "height": 87.793514990294057,
  "tabOrder": 2000,
  "width": 147.42684592709756,
  "x": 27.926794406716006,
  "y": 193.80832554461139,
  "z": 22000
}