{
  "height": 113.42465753424659,
  "id": 3701523228,
  "tabOrder": 9000,
  "width": 139.72602739726028,
  "x": 113.15076854131003,
  "y": 548.41079244220555,
  "z": 9000
}