{
  "height": 106.01481055431735,
  "id": 3701523228,
  "tabOrder": 9000,
  "width": 159.02221583147602,
  "x": 94.419440649938878,
  "y": 546.63886692069877,
  "z": 9000
}