{
  "height": 71.2287008412,
  "id": 3700560267,
  "width": 190.4953627148,
  "x": 283.2583219498,
  "y": 100,
  "z": 7000
}