{
  "height": 183.5948360915626,
  "width": 318.5103935507999,
  "x": 1.2790801334105428,
  "y": 0.73735116048710769,
  "z": 13000
}