{
  "height": 183.5948360915626,
  "width": 255.36547587892125,
  "x": 1.025501564687753,
  "y": 0.73735116048710769,
  "z": 13000
}