{
  "height": 216.66666666666669,
  "tabOrder": 3000,
  "width": 413.33333333333337,
  "x": 10,
  "y": 318.33333333333337,
  "z": 9000
}