{
  "height": 89.690721649484544,
  "tabOrder": 1000,
  "width": 245.33124894372145,
  "x": 1.0351529491296263,
  "y": 0,
  "z": 16000
}