{
  "height": 223.53518177967462,
  "width": 307.117181778412,
  "x": 13.490935633677012,
  "y": 14.504191184177362,
  "z": 13000
}