{
  "height": 279.4520547945,
  "id": 3701523235,
  "width": 313.9726027397,
  "x": 895.8904109589,
  "y": 256.4383561644,
  "z": 2000
}