{
  "height": 66.818181818181813,
  "tabOrder": 3000,
  "width": 195.45454545454544,
  "x": 30.811212611715632,
  "y": 64.6358919299795,
  "z": 5000
}