{
  "height": 60.506748410120316,
  "tabOrder": 3000,
  "width": 130.2103104779618,
  "x": 20.526192169355273,
  "y": 58.530590699293818,
  "z": 5000
}