{
  "height": 249.89384472184634,
  "width": 374.4111379077176,
  "x": 12.107822867662509,
  "y": 15.237429556210143,
  "z": 13000
}