{
  "height": 249.63444247417863,
  "width": 381.07195588711068,
  "x": 12.323222454060792,
  "y": 15.221612345986502,
  "z": 13000
}