{
  "name": "5865e8f3ca5dee30b9e7",
  "layouts": [
    {
      "id": 0,
      "position": {
        "x": 9.9388884894672511,
        "y": 566.51664389963332,
        "z": 15000,
        "width": 144.11388309727514,
        "height": 140.80092026745271
      }
    }
  ],
  "singleVisualGroup": {
    "displayName": "Group 11",
    "groupMode": 0
  }
}