{
  "height": 140.80092026745271,
  "width": 144.11388309727514,
  "x": 9.9388884894672511,
  "y": 566.51664389963332,
  "z": 15000
}