{
  "height": 109.47368421052632,
  "width": 217.26315789473688,
  "x": 0,
  "y": 0,
  "z": 0
}