{
  "height": 139.78947368421052,
  "width": 217.26315789473688,
  "x": 0,
  "y": 0,
  "z": 0
}