{
  "height": 139.64735516372795,
  "tabOrder": 18000,
  "width": 220.35264483627202,
  "x": 100.65491183879092,
  "y": 254.81108312342568,
  "z": 16000
}