{
  "name": "34212a02b2041091b662",
  "layouts": [
    {
      "id": 0,
      "position": {
        "x": 9.9388884894672511,
        "y": 464.75272311454069,
        "z": 11000,
        "width": 236.87684233230283,
        "height": 110
      }
    }
  ],
  "singleVisualGroup": {
    "displayName": "Group 8",
    "groupMode": 0
  }
}