{
  "height": 61.855670103092784,
  "tabOrder": 22000,
  "width": 171.13402061855672,
  "x": 337.11340206185571,
  "y": 2.6888546753969176,
  "z": 23000
}