{
  "height": 41.56818181818182,
  "tabOrder": 9000,
  "width": 13.386666666666665,
  "x": 446.22222222222217,
  "y": 21.136363636363622,
  "z": 9000
}