{
  "height": 52.420107320962885,
  "tabOrder": 9000,
  "width": 13.340196994751599,
  "x": 444.67323315838667,
  "y": 26.654291858116704,
  "z": 9000
}