{
  "height": 278.28887770508305,
  "tabOrder": 1000,
  "width": 260.06758214105975,
  "x": 0,
  "y": 0,
  "z": 0
}