{
  "height": 113.4246575342,
  "id": 3701523232,
  "width": 139.7260273973,
  "x": 898.7671567316,
  "y": 539.5066159653,
  "z": 6000
}