{
  "height": 110.98425479905097,
  "id": 3701523235,
  "width": 175.58702998058811,
  "x": 0,
  "y": 54.614819876127434,
  "z": 2000
}