{
  "height": 60.506748410120316,
  "tabOrder": 2000,
  "width": 130.2103104779618,
  "x": 152.25057602496781,
  "y": 58.530590699293818,
  "z": 3000
}