{
  "height": 66.818181818181813,
  "tabOrder": 2000,
  "width": 195.45454545454544,
  "x": 228.53848533898838,
  "y": 64.6358919299795,
  "z": 3000
}