{
  "height": 231.55216284987276,
  "width": 254.89788628492454,
  "x": 8.6406063147431578,
  "y": 10.178117048346023,
  "z": 11000
}