{
  "height": 211.9988690981057,
  "width": 245.75224453164603,
  "x": 8.330584560394735,
  "y": 9.3186316087079124,
  "z": 11000
}