{
  "height": 110.52844614346751,
  "tabOrder": 5000,
  "width": 1202.4155201668132,
  "x": 65.3122636302308,
  "y": 73.685630762311675,
  "z": 3000
}