{
  "height": 189.2380971850277,
  "tabOrder": 21000,
  "width": 261.24905452092321,
  "x": 341.63337898889955,
  "y": 318.18795101907313,
  "z": 22000
}