{
  "name": "84b6af45b29807cd602c",
  "layouts": [
    {
      "id": 0,
      "position": {
        "height": 140.49483131034958,
        "width": 143.75977396742897,
        "x": 0,
        "y": 0,
        "z": 2000
      }
    }
  ],
  "singleVisualGroup": {
    "displayName": "Group 8",
    "groupMode": 0
  },
  "parentGroupName": "5865e8f3ca5dee30b9e7"
}