{
  "name": "c1a4c44f3bc60959b17e",
  "layouts": [
    {
      "id": 0,
      "position": {
        "x": 64,
        "y": 414.31578947368422,
        "z": 16001,
        "width": 599.578947368421,
        "height": 138.10526315789474
      }
    }
  ],
  "singleVisualGroup": {
    "displayName": "Group 4",
    "groupMode": 0
  }
}