{
  "height": 138.10526315789474,
  "width": 599.578947368421,
  "x": 64,
  "y": 414.31578947368422,
  "z": 16001
}