{
  "height": 239.49579831932772,
  "tabOrder": 1000,
  "width": 290.09544158572515,
  "x": 0,
  "y": 0,
  "z": 18004
}