{
  "height": 152.42155009451798,
  "width": 135.15625,
  "x": 9.3749999999999982,
  "y": 8.6044423440453617,
  "z": 4000
}