{
  "height": 138.47448015122876,
  "width": 128.14814814814815,
  "x": 8.8888888888888875,
  "y": 7.8171077504725837,
  "z": 4000
}