{
  "height": 120,
  "tabOrder": 5000,
  "width": 230,
  "x": 9.8987699185653515,
  "y": 592.45131438633655,
  "z": 12000
}