{
  "height": 50.074861144651045,
  "tabOrder": 6000,
  "width": 50.074861144651045,
  "x": 6.1820816227964253,
  "y": 195,
  "z": 12000
}