{
  "name": "165b407ee5060cbb4081",
  "layouts": [
    {
      "id": 0,
      "position": {
        "x": 491.81818181818176,
        "y": 213.63636363636363,
        "z": 8000,
        "width": 781.81818181818176,
        "height": 105.45454545454544,
        "tabOrder": 13000
      }
    }
  ],
  "singleVisualGroup": {
    "displayName": "Group 5",
    "groupMode": 0
  }
}