{
  "height": 94.419440649938878,
  "tabOrder": 13000,
  "width": 755.35552519951091,
  "x": 508.53979437774103,
  "y": 225.28147242792434,
  "z": 8000
}