{
  "name": "ed905870de1048235800",
  "layouts": [
    {
      "id": 0,
      "position": {
        "x": 644.30231312894477,
        "y": 391.59349315123364,
        "z": 14000,
        "width": 630,
        "height": 150,
        "tabOrder": 14000
      }
    }
  ],
  "singleVisualGroup": {
    "displayName": "Group 6",
    "groupMode": 0
  }
}