{
  "height": 150,
  "tabOrder": 14000,
  "width": 630,
  "x": 644.30231312894477,
  "y": 391.59349315123364,
  "z": 14000
}