{
  "name": "c3413b170ea30bec38b7",
  "layouts": [
    {
      "id": 0,
      "position": {
        "x": 604.61571644259107,
        "y": 212.0296211086347,
        "z": 13000,
        "width": 260.06758214105975,
        "height": 278.28887770508305,
        "tabOrder": 5000
      }
    }
  ],
  "singleVisualGroup": {
    "displayName": "Group 2",
    "groupMode": 0
  }
}