{
  "height": 278.28887770508305,
  "tabOrder": 5000,
  "width": 260.06758214105975,
  "x": 604.61571644259107,
  "y": 212.0296211086347,
  "z": 13000
}