{
  "height": 138.04025805022565,
  "width": 599.28548282786107,
  "x": 0.29346454056003535,
  "y": 0,
  "z": 2000
}