{
  "height": 150.73980875691998,
  "tabOrder": 4000,
  "width": 450.56294485584868,
  "x": 460.44061105524423,
  "y": 210.78498564034717,
  "z": 12000
}