{
  "name": "5c9b722e78cc2db130d5",
  "layouts": [
    {
      "id": 0,
      "position": {
        "x": 10,
        "y": 307.62481807204654,
        "z": 10000,
        "width": 415.77683514271331,
        "height": 200,
        "tabOrder": 1000
      }
    }
  ],
  "singleVisualGroup": {
    "displayName": "Group 8",
    "groupMode": 0
  }
}