{
  "height": 200,
  "tabOrder": 1000,
  "width": 415.77683514271331,
  "x": 10,
  "y": 307.62481807204654,
  "z": 10000
}