{
  "height": 39.755553957869004,
  "tabOrder": 18000,
  "width": 149.08332734200877,
  "x": 190.495362714789,
  "y": 0,
  "z": 7000
}