{
  "height": 228.58121923705454,
  "width": 260.57618671171758,
  "x": 0,
  "y": 0,
  "z": 1000
}