{
  "height": 249.7924737133371,
  "width": 273.27375513199195,
  "x": 0,
  "y": 0,
  "z": 1000
}