{
  "height": 96.907216494845358,
  "width": 256.68446983811538,
  "x": 2.06361934764973,
  "y": 0,
  "z": 11000
}