{
  "height": 117.89473684210526,
  "width": 183.57894736842104,
  "x": 0,
  "y": 0,
  "z": 10000
}