{
  "height": 108.84729098441848,
  "width": 172.93474512844818,
  "x": 7.4414601452309146,
  "y": 9.8936928978471137,
  "z": 10000
}