{
  "height": 108.84729098441848,
  "width": 254.45024173084445,
  "x": 10.949108759943282,
  "y": 9.8936928978471137,
  "z": 10000
}