{
  "height": 109.7553057854861,
  "width": 254.52440450681894,
  "x": 10.952300017670373,
  "y": 9.9762270565497762,
  "z": 10000
}