{
  "height": 136.8131868131868,
  "tabOrder": 3000,
  "width": 286.21323529411768,
  "x": 0,
  "y": 0,
  "z": 0
}