{
  "height": 140.80092026745271,
  "tabOrder": 12000,
  "width": 600,
  "x": 64.602775181537126,
  "y": 554.92127399525486,
  "z": 11000
}