{
  "height": 223.24428910669246,
  "width": 270.54920906465355,
  "x": 7.6063217536718088,
  "y": 14.25074714267169,
  "z": 2000
}