{
  "height": 204.39254913768286,
  "width": 262.06139074105658,
  "x": 7.3676920515958315,
  "y": 13.047350717290524,
  "z": 2000
}