{
  "height": 223.35920959774168,
  "width": 262.59187938628139,
  "x": 7.3826064079755795,
  "y": 14.258083065422536,
  "z": 2000
}