{
  "height": 89.449996405205255,
  "width": 180.55647422532172,
  "x": 407.26103842138275,
  "y": 193.80832554461139,
  "z": 23000
}