{
  "height": 279.4520547945,
  "id": 3701523236,
  "width": 279.4520547945,
  "x": 516.1643835616,
  "y": 256.081991875,
  "z": 1000
}