{
  "height": 113.42465753424659,
  "id": 3701523233,
  "tabOrder": 1000,
  "width": 139.72602739726028,
  "x": 139.72602739725994,
  "y": 0,
  "z": 3000
}