{
  "height": 78.94736842105263,
  "tabOrder": 1000,
  "width": 177.5257731958763,
  "x": 36.501810582395414,
  "y": 46.171417978847138,
  "z": 36000
}