{
  "height": 78.94736842105263,
  "tabOrder": 1000,
  "width": 177.5257731958763,
  "x": 36.8041237113402,
  "y": 52.7649111300808,
  "z": 36000
}