{
  "height": 78.94736842105263,
  "tabOrder": 1000,
  "width": 174.70790378006873,
  "x": 36.219931271477662,
  "y": 52.7649111300808,
  "z": 36000
}