{
  "height": 146.76616261338756,
  "width": 130,
  "x": 10.786121695784516,
  "y": 6.225694987488283,
  "z": 11000
}