{
  "height": 185,
  "tabOrder": 9000,
  "width": 139.78947368421052,
  "x": 65.6842105263158,
  "y": 235,
  "z": 3000
}