{
  "height": 110,
  "tabOrder": 16000,
  "width": 233.5638795024804,
  "x": 9.9388884894672511,
  "y": 342.32262073474396,
  "z": 10000
}