{
  "height": 248.47221223668132,
  "width": 498.60090588827381,
  "x": 0,
  "y": 0,
  "z": 8000
}