{
  "height": 248.47221223668129,
  "width": 500.25738730318494,
  "x": 0,
  "y": 0,
  "z": 8000
}