{
  "height": 97.7324034797613,
  "tabOrder": 6000,
  "width": 1250.6434682579625,
  "x": 0,
  "y": 0,
  "z": 0
}