{
  "height": 184.5220827384897,
  "width": 312.01018143751833,
  "x": 0,
  "y": 0,
  "z": 0
}