{
  "height": 139.78947368421052,
  "tabOrder": 13000,
  "width": 592.84210526315792,
  "x": 678.73684210526312,
  "y": 567.578947368421,
<<<<<<< HEAD
  "z": 14000
=======
  "z": 15000
>>>>>>> 5004bbb15a2341a651a76195bf0014506650cc41
}