{
  "height": 108.29100347545769,
  "width": 195,
  "x": 0.26298163581080525,
  "y": 33.708996524542258,
  "z": 20000
}