{
  "height": 107.13253012048193,
  "width": 289.81168831168833,
  "x": 0,
  "y": 33.348385088288438,
  "z": 20000
}