{
  "name": "115003208663faedda55",
  "layouts": [
    {
      "id": 0,
      "position": {
        "x": 676.47355163727957,
        "y": 254.81108312342568,
        "z": 16000,
        "width": 602.11586901763224,
        "height": 439.79848866498736,
        "tabOrder": 11000
      }
    }
  ],
  "singleVisualGroup": {
    "displayName": "Group 2",
    "groupMode": 0
  }
}