{
  "height": 439.79848866498736,
  "tabOrder": 11000,
  "width": 602.11586901763224,
  "x": 676.47355163727957,
  "y": 254.81108312342568,
  "z": 16000
}