{
  "height": 440.62405636638152,
  "tabOrder": 11000,
  "width": 601.42309176813671,
  "x": 676.47355163727957,
  "y": 254.81108312342568,
  "z": 16000
}