{
  "height": 109.90187332738627,
  "tabOrder": 14,
  "width": 249.82456140350871,
  "x": 0.17543859649123306,
  "y": 0.098126672613729926,
  "z": 0
}