{
  "height": 70,
  "tabOrder": 18000,
  "width": 221.66666666666669,
  "x": 765.07501138351677,
  "y": 0,
  "z": 22000
}