{
  "height": 70.069513406156887,
  "tabOrder": 5000,
  "width": 175.26168224299067,
  "x": 613.6789382040439,
  "y": 0.6673286991062608,
  "z": 5000
}