{
  "height": 80.27563779954319,
  "tabOrder": 4000,
  "width": 188.2867208282407,
  "x": 211.85343357076,
  "y": 52.394202535062078,
  "z": 3000
}