{
  "height": 38.972108191060812,
  "tabOrder": 1,
  "width": 318.69127182044889,
  "x": 0,
  "y": 0,
  "z": 1000
}