{
  "height": 182.63505447456791,
  "width": 286.9379347148606,
  "x": 1.1522908490491481,
  "y": 0.73349649820917584,
  "z": 13000
}