{
  "height": 124.45931325532322,
  "tabOrder": 6000,
  "width": 155.88843276424325,
  "x": 265.89035104546326,
  "y": 521.09480145789371,
  "z": 2000
}