{
  "name": "3192623de0e999158b02",
  "layouts": [
    {
      "id": 0,
      "position": {
        "height": 112.70881595065886,
        "width": 339.11095072223793,
        "x": 884.91718964245172,
        "y": 380.9359285190265,
        "z": 4000,
        "tabOrder": 4000
      }
    }
  ],
  "singleVisualGroup": {
    "displayName": "Group 6",
    "groupMode": 0
  }
}