{
  "height": 112.70881595065886,
  "tabOrder": 4000,
  "width": 339.11095072223793,
  "x": 884.91718964245172,
  "y": 380.9359285190265,
  "z": 4000
}