{
  "height": 249.79247371333716,
  "width": 275.0542066967767,
  "x": 0,
  "y": 0,
  "z": 1000
}