{
  "height": 244.95574145217702,
  "width": 261.77565336307032,
  "x": 0,
  "y": 0,
  "z": 1000
}