{
  "name": "28fb22edd602ae8d5904",
  "layouts": [
    {
      "id": 0,
      "position": {
        "x": 0.44070768168987895,
        "y": 212.0296211086347,
        "z": 13000,
        "width": 510,
        "height": 250.12869365159247,
        "tabOrder": 3000
      }
    }
  ],
  "singleVisualGroup": {
    "displayName": "Group 6",
    "groupMode": 0
  }
}