{
  "height": 175.18824891067538,
  "width": 401.14058734939761,
  "x": 16.757831325301144,
  "y": 10.890080337690579,
  "z": 10000
}