{
  "height": 175.18824891067538,
  "width": 393.76706827309238,
  "x": 16.44979919678709,
  "y": 10.890080337690579,
  "z": 10000
}