{
  "height": 164.23898335375816,
  "width": 392.31920869240855,
  "x": 16.389314201249384,
  "y": 10.209450316584917,
  "z": 10000
}