{
  "height": 165.64814149112084,
  "tabOrder": 1000,
  "width": 394.24257674886763,
  "x": 0,
  "y": 0,
  "z": 0
}