{
  "height": 217.34375,
  "tabOrder": 1000,
  "width": 414.30588235294124,
  "x": 0,
  "y": 0,
  "z": 1000
}