{
  "height": 109.4658926399907,
  "width": 144.45908204487702,
  "x": 0,
  "y": 0.53410736000930659,
  "z": 13001
}