{
  "height": 108.9421323881247,
  "width": 191.28375001804409,
  "x": 0,
  "y": 0.53155182240160648,
  "z": 13001
}