{
  "name": "ca3df33093c0400d903b",
  "layouts": [
    {
      "id": 0,
      "position": {
        "x": 76.657812122675679,
        "y": 90.660577828829119,
        "z": 12000,
        "width": 743.29775439892546,
        "height": 64.5445247784897,
        "tabOrder": 10000
      }
    }
  ],
  "singleVisualGroup": {
    "displayName": "Group 10",
    "groupMode": 0,
    "isHidden": false
  }
}