{
  "height": 64.5445247784897,
  "tabOrder": 10000,
  "width": 743.29775439892546,
  "x": 76.657812122675679,
  "y": 90.660577828829119,
  "z": 12000
}