{
  "height": 139.82504800512055,
  "tabOrder": 23000,
  "width": 591.66710128092677,
  "x": 64.08648033568025,
  "y": 568.36292661340667,
  "z": 23000
}