{
  "height": 184.31060543305017,
  "width": 261.76794044162722,
  "x": 1.051212704395714,
  "y": 0.74022582388081959,
  "z": 13000
}