{
  "name": "dffd6d3260aa848da397",
  "layouts": [
    {
      "id": 0,
      "position": {
        "x": 425.71572363218058,
        "y": 308.44686076149469,
        "z": 11000,
        "width": 415.77683514271331,
        "height": 200,
        "tabOrder": 7000
      }
    }
  ],
  "singleVisualGroup": {
    "displayName": "Group 3",
    "groupMode": 0
  }
}