{
  "height": 96.666666666666657,
  "id": 3700560260,
  "tabOrder": 3000,
  "width": 143.33333333333334,
  "x": 140,
  "y": 100,
  "z": 0
}