{
  "name": "2f980d20bdb5a349b821",
  "layouts": [
    {
      "id": 0,
      "position": {
        "x": 977.37142857142862,
        "y": 542.17142857142858,
        "z": 11000,
        "width": 291.65714285714284,
        "height": 160,
        "tabOrder": 22000
      }
    }
  ],
  "singleVisualGroup": {
    "displayName": "Group 10",
    "groupMode": 0
  }
}