{
  "height": 96,
  "tabOrder": 2000,
  "width": 256,
  "x": 156.63157894736841,
  "y": 99.368421052631575,
  "z": 2000
}