{
  "height": 109.90187332738627,
  "width": 293.12748538011692,
  "x": 0.20584795321638016,
  "y": 0.098126672613729926,
  "z": 0
}