{
  "height": 174.98467310243856,
  "tabOrder": 1000,
  "width": 862.730394178703,
  "x": 0,
  "y": 0,
  "z": 1500
}