{
  "height": 175.45454545454544,
  "tabOrder": 1000,
  "width": 879.090909090909,
  "x": 0,
  "y": 0,
  "z": 1500
}