{
  "height": 163.99166007620968,
  "tabOrder": 1000,
  "width": 864.68329858365087,
  "x": 0,
  "y": 0,
  "z": 0
}