{
  "height": 119.57894736842105,
  "tabOrder": 21000,
  "width": 382.31578947368422,
  "x": 341.89473684210526,
  "y": 220.63157894736841,
  "z": 11000
}