{
  "height": 89.6,
  "tabOrder": 17000,
  "width": 299.8857142857143,
  "x": 967.31428571428569,
  "y": 230.4,
  "z": 10000
}