{
  "height": 46.027397260273979,
  "id": 3701583239,
  "tabOrder": 11000,
  "width": 294.2465753424658,
  "x": 899.17808219178085,
  "y": 203.83561643835617,
  "z": 11000
}