{
  "height": 162.22222222222223,
  "width": 142.22222222222223,
  "x": 0,
  "y": 0,
  "z": 1000
}