{
  "name": "89f8b4c0ed1601e97a93",
  "layouts": [
    {
      "id": 0,
      "position": {
        "height": 207.06017686390103,
        "width": 455.53238910058235,
        "x": 0,
        "y": 0,
        "z": 0
      }
    }
  ],
  "singleVisualGroup": {
    "displayName": "Group 6",
    "groupMode": 0
  },
  "parentGroupName": "014ef9cce0ee63b47582"
}