{
  "name": "e9adc71c3cc0140eaebc",
  "layouts": [
    {
      "id": 0,
      "position": {
        "x": 1.0633884383455665,
        "y": 318.99996555771384,
        "z": 9000,
        "width": 414.30588235294124,
        "height": 217.34375,
        "tabOrder": 0
      }
    }
  ],
  "singleVisualGroup": {
    "displayName": "Group 6",
    "groupMode": 0
  }
}