{
  "height": 217.34375,
  "width": 414.30588235294124,
  "x": 1.0633884383455665,
  "y": 319,
  "z": 9000
}