{
  "height": 70.069513406156887,
  "tabOrder": 4000,
  "width": 137.27721118652502,
  "x": 788.94062044703469,
  "y": 0,
  "z": 4000
}