{
  "name": "60392c8400038e91abd6",
  "layouts": [
    {
      "id": 0,
      "position": {
        "x": 2.4540477531777545,
        "y": 213.49965402436035,
        "z": 9000,
        "width": 150,
        "height": 170,
        "tabOrder": 1000
      }
    }
  ],
  "singleVisualGroup": {
    "displayName": "Group 3",
    "groupMode": 0
  }
}