{
  "height": 170,
  "tabOrder": 1000,
  "width": 150,
  "x": 2.4540477531777545,
  "y": 213.49965402436035,
  "z": 9000
}