{
  "height": 170,
  "tabOrder": 1000,
  "width": 150,
  "x": 9.9382920452795,
  "y": 214.03422986795837,
  "z": 9000
}