{
  "name": "33b0f7b0bed32c73e2dc",
  "layouts": [
    {
      "id": 0,
      "position": {
        "x": 102.15761572457097,
        "y": 212.5817978973235,
        "z": 5000,
        "width": 323.01387590768564,
        "height": 136.52422003347951,
        "tabOrder": 6000
      }
    }
  ],
  "singleVisualGroup": {
    "displayName": "Group 8",
    "groupMode": 0,
    "objects": {
      "background": [
        {
          "properties": {
            "show": {
              "expr": {
                "Literal": {
                  "Value": "true"
                }
              }
            }
          }
        }
      ]
    }
  }
}