{
  "height": 39.755553957869004,
  "tabOrder": 17000,
  "width": 150.73980875691998,
  "x": 0,
  "y": 0,
  "z": 6000
}