{
  "name": "91bd49c86b71f134d0a4",
  "layouts": [
    {
      "id": 0,
      "position": {
        "x": 545.51625601399621,
        "y": 156.33590902463914,
        "z": 6000,
        "width": 338.5263157894737,
        "height": 111.15789473684211,
        "tabOrder": 13000
      }
    }
  ],
  "singleVisualGroup": {
    "displayName": "Group 4",
    "groupMode": 0
  }
}