{
  "height": 111.15789473684211,
  "tabOrder": 13000,
  "width": 338.5263157894737,
  "x": 545.51625601399621,
  "y": 156.33590902463914,
  "z": 6000
}