{
  "height": 59.187600993921862,
  "tabOrder": 2000,
  "width": 162.82678939847352,
  "x": 161.18207435404449,
  "y": 28.114110472112884,
  "z": 2000
}