{
  "height": 56.016836654961764,
  "tabOrder": 2000,
  "width": 162.82678939847352,
  "x": 161.18207435404449,
  "y": 26.60799741110684,
  "z": 2000
}