{
  "height": 91.978021978021971,
  "tabOrder": 2000,
  "width": 161.05181368339268,
  "x": 160.28490028490035,
  "y": 6.4285714285714279,
  "z": 2000
}