{
  "name": "642df4821653a001d217",
  "layouts": [
    {
      "id": 0,
      "position": {
        "x": 844.7858917858955,
        "y": 177.3027893601045,
        "z": 4000,
        "width": 357.799985620821,
        "height": 260.06758214105975,
        "tabOrder": 7000
      }
    }
  ],
  "singleVisualGroup": {
    "displayName": "Group 3",
    "groupMode": 0
  }
}