{
  "height": 260.06758214105975,
  "tabOrder": 7000,
  "width": 357.799985620821,
  "x": 844.7858917858955,
  "y": 177.3027893601045,
  "z": 4000
}