{
  "height": 81.418614080774873,
  "tabOrder": 2000,
  "width": 174.80284729933177,
  "x": 219.56943014428262,
  "y": 53.61713610197372,
  "z": 42500
}