{
  "height": 81.418614080774873,
  "tabOrder": 2000,
  "width": 177.75870677645429,
  "x": 223.28227802408284,
  "y": 53.61713610197372,
  "z": 42500
}