{
  "height": 183.5948360915626,
  "width": 345.4398437343952,
  "x": 1.387223934777615,
  "y": 0.73735116048710769,
  "z": 13000
}