{
  "height": 200,
  "tabOrder": 4000,
  "width": 422.40276080235816,
  "x": 841.492558774894,
  "y": 506,
  "z": 14000
}