{
  "height": 293.64887708283021,
  "tabOrder": 16000,
  "width": 599.66191741125328,
  "x": 669.30962981436483,
  "y": 398.35738022943588,
  "z": 16000
}