{
  "height": 285.36319945943035,
  "tabOrder": 1000,
  "width": 263.79094536038883,
  "x": 0,
  "y": 0,
  "z": 0
}