{
  "height": 312.28991313234536,
  "tabOrder": 1000,
  "width": 263.9678714859437,
  "x": 0,
  "y": 0,
  "z": 0
}