{
  "height": 79.336741451010511,
  "tabOrder": 2000,
  "width": 174.57378705325414,
  "x": 406.6291869167261,
  "y": 54.453744813599144,
  "z": 37500
}