{
  "height": 226.93795384283555,
  "tabOrder": 1000,
  "width": 226.93795384283555,
  "x": 11.59536990437846,
  "y": 11.595369904378515,
  "z": 8000
}