{
  "height": 69.162368354540149,
  "width": 15.846442106931194,
  "x": 204.84167496900557,
  "y": 54.308926388902961,
  "z": 4000
}