{
  "height": 91.208433199690688,
  "width": 265.53723344614048,
  "x": 2.8747620714967983,
  "y": 1.7109807093737217,
  "z": 11000
}