{
  "height": 102.79845956354302,
  "width": 184.00237882842708,
  "x": 1.9920485457209467,
  "y": 1.9283982313507517,
  "z": 11000
}