{
  "height": 111.06575963718819,
  "width": 171.33055623621655,
  "x": 0.0980151923548707,
  "y": 1.6970998925886116,
  "z": 11000
}