{
  "height": 225.68421052631578,
  "width": 249.26315789473685,
  "x": 1017.2631578947369,
  "y": 485.05263157894734,
  "z": 14000
}