{
  "height": 245.15924940685886,
  "tabOrder": 17000,
  "width": 261.72406355597093,
  "x": 163.99166007620966,
  "y": 462.15831476022714,
  "z": 16000
}