{
  "name": "f4670ab882d6a47a00a5",
  "layouts": [
    {
      "id": 0,
      "position": {
        "x": 437.31109353655904,
        "y": 462.15831476022714,
        "z": 19000,
        "width": 263.38054497088217,
        "height": 245.15924940685886
      }
    }
  ],
  "singleVisualGroup": {
    "displayName": "Group 15",
    "groupMode": 0
  }
}