{
  "height": 85.448640447573666,
  "tabOrder": 41,
  "width": 129.46763704177829,
  "x": 292.46716612523159,
  "y": 597.26618069395954,
  "z": 31
}