{
  "name": "37098636dcb906171b40",
  "layouts": [
    {
      "id": 0,
      "position": {
        "x": 9.9388884894672511,
        "y": 213.68610252354588,
        "z": 13000,
        "width": 482.03609173916169,
        "height": 104.35832913940614,
        "tabOrder": 6000
      }
    }
  ],
  "singleVisualGroup": {
    "displayName": "Group 3",
    "groupMode": 0
  }
}