{
  "height": 104.35832913940614,
  "tabOrder": 6000,
  "width": 482.03609173916169,
  "x": 9.9388884894672511,
  "y": 213.68610252354588,
  "z": 13000
}