{
  "height": 128.33333333333334,
  "tabOrder": 3000,
  "width": 361.66666666666669,
  "x": 918.33333333333337,
  "y": 591.66666666666674,
  "z": 2000
}