{
  "height": 120,
  "tabOrder": 4000,
  "width": 230,
  "x": 9.9397970364180157,
  "y": 465.80968907239634,
  "z": 11000
}