{
  "height": 235.85380827282626,
  "width": 259.39060453592305,
  "x": 7.781718136077691,
  "y": 8.5376944171159082,
  "z": 10000
}