{
  "height": 215.82616263520606,
  "width": 247.33811179991048,
  "x": 7.4201433539973136,
  "y": 7.8127117696002433,
  "z": 10000
}