{
  "height": 268.40468060617684,
  "tabOrder": 4000,
  "width": 307.37678879723768,
  "x": 114.40199501246883,
  "y": 215.60375983119124,
  "z": 1000
}