{
  "name": "a0d9cf9b0bc9f6a0fa00",
  "layouts": [
    {
      "id": 0,
      "position": {
        "x": 934.46777194022536,
        "y": 507.42604820410082,
        "z": 12000,
        "width": 269.6224216530041,
        "height": 177.51538320011448,
        "tabOrder": 1000
      }
    }
  ],
  "singleVisualGroup": {
    "displayName": "Group 8",
    "groupMode": 0
  }
}