{
  "name": "a0d9cf9b0bc9f6a0fa00",
  "layouts": [
    {
      "id": 0,
      "position": {
<<<<<<<< HEAD:Dashboard/Report/sections/008_VISITAS/visualContainers/21000_Group 8/config.json
        "x": 527.85714285714289,
        "y": 222.14285714285717,
        "z": 12000,
        "width": 171.42857142857144,
        "height": 112.85714285714286,
        "tabOrder": 21000
========
        "x": 934.46777194022536,
        "y": 507.42604820410082,
        "z": 12000,
        "width": 269.6224216530041,
        "height": 177.51538320011448,
        "tabOrder": 1000
>>>>>>>> origin/main:Dashboard/Report/sections/008_VISITAS/visualContainers/01000_Group 8/config.json
      }
    }
  ],
  "singleVisualGroup": {
    "displayName": "Group 8",
    "groupMode": 0
  }
}