{
  "height": 143.75809935205183,
  "tabOrder": 17014,
  "width": 290.28077753779695,
  "x": 70.957523398128146,
  "y": 254.341252699784,
  "z": 17006
}