{
  "height": 32.891640866873061,
  "width": 336.32308815181256,
  "x": 0,
  "y": 0.27248635910936964,
  "z": 22000
}