{
  "height": 71.428571428571431,
  "tabOrder": 17000,
  "width": 987.14285714285722,
  "x": 282.85714285714289,
  "y": 74.285714285714292,
  "z": 14000
}