{
  "height": 113.4246575342,
  "id": 3701523228,
  "width": 139.7260273973,
  "x": 113.1507685413,
  "y": 548.4107924422,
  "z": 9000
}