{
  "name": "e331da0387cc4a49e8e4",
  "layouts": [
    {
      "id": 0,
      "position": {
        "height": 140.19354838709677,
        "width": 1203.2755760368664,
        "x": 64.838709677419359,
        "y": 74,
        "z": 26000,
        "tabOrder": 5000
      }
    }
  ],
  "singleVisualGroup": {
    "displayName": "Group 1",
    "groupMode": 0
  }
}