{
  "height": 140.19354838709677,
  "tabOrder": 5000,
  "width": 1203.2755760368664,
  "x": 64.838709677419359,
  "y": 74,
  "z": 26000
}