{
  "name": "886451d207bc61d67b90",
  "layouts": [
    {
      "id": 0,
      "position": {
        "height": 251.54459753444524,
        "width": 581.98694706308913,
        "x": 0,
        "y": 0,
        "z": 1000,
        "tabOrder": 0
      }
    }
  ],
  "singleVisualGroup": {
    "displayName": "Group 2",
    "groupMode": 0
  },
  "parentGroupName": "405e20716b262bd590b7"
}