{
  "height": 251.54459753444524,
  "width": 581.98694706308913,
  "x": 0,
  "y": 0,
  "z": 1000
}