{
  "height": 142.82234078926354,
  "width": 831.77577097071139,
  "x": 16.703770026937477,
  "y": 10.799391737354656,
  "z": 1000
}