{
  "height": 152.80550774526677,
  "width": 845.635066457452,
  "x": 16.982093215259873,
  "y": 11.554260549485189,
  "z": 2000
}