{
  "height": 152.39629017183117,
  "width": 829.89718887051549,
  "x": 16.666044230546735,
  "y": 11.523317905239766,
  "z": 2000
}