{
  "height": 142.24899598393577,
  "width": 832.08041958041952,
  "x": 16.709887998262431,
  "y": 10.75603874986618,
  "z": 2000
}