{
  "height": 230.250916672658,
  "width": 867.99626141347323,
  "x": 0,
  "y": 0,
  "z": 10000
}