{
  "height": 63.970300459480129,
  "tabOrder": 1000,
  "width": 140.07206844489181,
  "x": 23.345334563052706,
  "y": 23.988862672305046,
  "z": 4000
}