{
  "height": 50.727272727272741,
  "tabOrder": 1000,
  "width": 140.56000000000003,
  "x": 23.426656453450523,
  "y": 19.022727272727273,
  "z": 4000
}