{
  "height": 69.48571428571428,
  "tabOrder": 17008,
  "width": 190.17142857142858,
  "x": 651.88571428571424,
  "y": 0.914285714285711,
  "z": 5000
}