{
  "height": 79.336741451010511,
  "tabOrder": 3000,
  "width": 174.57378705325414,
  "x": 219.28170812786794,
  "y": 54.453744813599144,
  "z": 38000
}