{
  "height": 124.45931325532322,
  "width": 155.88843276424325,
  "x": 172.25398740909964,
  "y": 1.0948014578937091,
  "z": 2000
}