{
  "height": 124.54545454545453,
  "width": 156.36363636363635,
  "x": 175.09271576303996,
  "y": 0,
  "z": 4000
}