{
  "height": 110.98425479905097,
  "tabOrder": 1000,
  "width": 236.87684233230294,
  "x": 0,
  "y": 0,
  "z": 0
}