{
  "height": 174.64645560556457,
  "tabOrder": 1000,
  "width": 348.70594769729246,
  "x": 1.4003400175716971,
  "y": 0.70141279274052915,
  "z": 13000
}