{
  "height": 204.38625204582644,
  "tabOrder": 1000,
  "width": 308.49477583892622,
  "x": 1.2388592241451264,
  "y": 0.82085337116148782,
  "z": 13000
}