{
  "height": 199.5959492635024,
  "tabOrder": 1000,
  "width": 348.70594769729246,
  "x": 1.4003400175716971,
  "y": 0.80161462027489061,
  "z": 13000
}