{
  "height": 69.162368354540149,
  "width": 15.553324849757486,
  "x": 201.05264589127205,
  "y": 54.308926388902954,
  "z": 4000
}