{
  "height": 71.314285714285717,
  "tabOrder": 10008,
  "width": 220.34285714285716,
  "x": 982.85714285714278,
  "y": 0,
  "z": 7000
}