{
  "height": 251.78517506650368,
  "tabOrder": 11000,
  "width": 235.22036091739162,
  "x": 9.9388884894672511,
  "y": 225.28147242792434,
  "z": 11000
}