{
  "height": 139.14443885254153,
  "tabOrder": 13000,
  "width": 294.85369185419512,
  "x": 64.602775181537126,
  "y": 255.09813789632611,
  "z": 11000
}