{
  "name": "37bd3cd473ba5ee80890",
  "layouts": [
    {
      "id": 0,
      "position": {
        "x": 436.66666666666663,
        "y": 221.11111111111111,
        "z": 18000,
        "width": 264.44444444444446,
        "height": 228.88888888888889,
        "tabOrder": 14000
      }
    }
  ],
  "singleVisualGroup": {
    "displayName": "Group 14",
    "groupMode": 0
  }
}