{
  "name": "fc8b34b03a64a0ca3209",
  "layouts": [
    {
      "id": 0,
      "position": {
        "x": 9.9388884894672511,
        "y": 223.62499101301316,
        "z": 11000,
        "width": 286.57128477963909,
        "height": 137.48795743763031,
        "tabOrder": 10000
      }
    }
  ],
  "singleVisualGroup": {
    "displayName": "Group 5",
    "groupMode": 0
  }
}