{
  "name": "fc8b34b03a64a0ca3209",
  "layouts": [
    {
      "id": 0,
      "position": {
        "x": 1.6666666666666667,
        "y": 210.92592592592595,
        "z": 11000,
        "width": 311.66666666666669,
        "height": 150,
        "tabOrder": 10000
      }
    }
  ],
  "singleVisualGroup": {
    "displayName": "Group 5",
    "groupMode": 0
  }
}