{
  "height": 150,
  "tabOrder": 10000,
  "width": 311.66666666666669,
  "x": 1.6666666666666667,
  "y": 210.92592592592595,
  "z": 11000
}