{
  "height": 137.48795743763031,
  "tabOrder": 10000,
  "width": 286.57128477963909,
  "x": 9.9388884894672511,
  "y": 223.62499101301316,
  "z": 11000
}