{
  "name": "165b407ee5060cbb4081",
  "layouts": [
    {
      "id": 0,
      "position": {
        "x": 508.53979437774103,
        "y": 225.28147242792434,
        "z": 8000,
        "width": 755.35552519951091,
        "height": 94.419440649938878,
        "tabOrder": 11000
      }
    }
  ],
  "singleVisualGroup": {
    "displayName": "Group 5",
    "groupMode": 0
  }
}