{
  "height": 278.28887770508305,
  "tabOrder": 1000,
  "width": 400.86850240851248,
  "x": 0,
  "y": 0,
  "z": 0
}