{
  "height": 137.48795743763031,
  "tabOrder": 14000,
  "width": 321.35739449277446,
  "x": 942.53792508447759,
  "y": 223.62499101301316,
  "z": 12000
}