{
  "height": 62.146981043617963,
  "tabOrder": 3000,
  "width": 149.66906904304133,
  "x": 325.65357879694704,
  "y": 25.15473042241679,
  "z": 3000
}