{
  "height": 90.494505494505489,
  "tabOrder": 3000,
  "width": 149.54811270600752,
  "x": 322.10362736678536,
  "y": 6.4285714285714279,
  "z": 3000
}