{
  "height": 58.817678487709863,
  "tabOrder": 3000,
  "width": 149.66906904304133,
  "x": 325.65357879694704,
  "y": 23.807155578358749,
  "z": 3000
}