{
  "height": 90.494505494505489,
  "tabOrder": 3000,
  "width": 152.01885601876472,
  "x": 327.42522834810859,
  "y": 6.4285714285714279,
  "z": 3000
}