{
  "height": 211.24297610522694,
  "width": 243.38888888888897,
  "x": 8.0784623864644,
  "y": 8.9845097301788623,
  "z": 13000
}