{
  "height": 52.56363636363637,
  "width": 13.578666666666665,
  "x": 1074.9777777777779,
  "y": 26.727272727272712,
  "z": 11000
}