{
  "height": 50.074861144651045,
  "tabOrder": 2000,
  "width": 50.074861144651045,
  "x": 6.1820816227964253,
  "y": 133.53296305240281,
  "z": 2000
}