{
  "height": 31.413055997548764,
  "id": 3701583240,
  "tabOrder": 1000,
  "width": 323.01387590768564,
  "x": 0,
  "y": 0,
  "z": 10000
}