{
  "height": 78.947368421052644,
  "width": 177.47401487943353,
  "x": 36.7933933286631,
  "y": 52.605141852450011,
  "z": 38500
}