{
  "height": 78.947368421052644,
  "width": 174.85521556793222,
  "x": 36.250471520181122,
  "y": 52.605141852450011,
  "z": 38500
}