{
  "height": 78.464909127373033,
  "width": 175.04056188494729,
  "x": 35.990815976397187,
  "y": 45.889257469234515,
  "z": 36000
}