{
  "height": 230.20358863223197,
  "width": 228.18812849559876,
  "x": 9.8269793521701629,
  "y": 12.310924801295887,
  "z": 13000
}