{
  "height": 139.78947368421052,
  "tabOrder": 25,
  "width": 599.578947368421,
  "x": 0,
  "y": 0,
  "z": 2000
}