{
  "name": "59a998a8131924651db5",
  "layouts": [
    {
      "id": 0,
      "position": {
        "height": 149.08332734200877,
        "width": 621.18053059170313,
        "x": 0,
        "y": 0,
        "z": 19000,
        "tabOrder": 1000
      }
    }
  ],
  "singleVisualGroup": {
    "displayName": "Group 3",
    "groupMode": 0
  },
  "parentGroupName": "01a8bd1d0c1190663760"
}