{
  "height": 149.08332734200877,
  "tabOrder": 1000,
  "width": 621.18053059170313,
  "x": 0,
  "y": 0,
  "z": 19000
}