{
  "name": "caee1d067791cbcb50aa",
  "layouts": [
    {
      "id": 0,
      "position": {
        "x": 425.71572363218058,
        "y": 506,
        "z": 15000,
        "width": 415.77683514271331,
        "height": 200,
        "tabOrder": 2000
      }
    }
  ],
  "singleVisualGroup": {
    "displayName": "Group 11",
    "groupMode": 0
  }
}