{
  "height": 200,
  "tabOrder": 2000,
  "width": 415.77683514271331,
  "x": 425.71572363218058,
  "y": 506,
  "z": 15000
}