{
  "height": 279.45205479452056,
  "id": 3701523235,
  "tabOrder": 2000,
  "width": 313.972602739726,
  "x": 895.89041095890423,
  "y": 256.43835616438361,
  "z": 2000
}