{
  "height": 139.71504467519921,
  "tabOrder": 20,
  "width": 591.62521130161792,
  "x": 64.29364887708283,
  "y": 254.70176285921275,
  "z": 2
}