{
  "height": 80.27563779954319,
  "tabOrder": 3000,
  "width": 175.6666666666666,
  "x": 36.74074074074074,
  "y": 52.379321591646161,
  "z": 2000
}