{
  "name": "f4670ab882d6a47a00a5",
  "layouts": [
    {
      "id": 0,
      "position": {
        "height": 251.78517506650365,
        "width": 274.97591487526063,
        "x": 437.31109353655904,
        "y": 462.15831476022714,
        "z": 19000,
        "tabOrder": 7000
      }
    }
  ],
  "singleVisualGroup": {
    "displayName": "Group 15",
    "groupMode": 0
  }
}