{
  "height": 251.78517506650365,
  "tabOrder": 7000,
  "width": 274.97591487526063,
  "x": 437.31109353655904,
  "y": 462.15831476022714,
  "z": 19000
}