{
  "height": 149.26382211538458,
  "width": 322.92935240502459,
  "x": 0,
  "y": 0,
  "z": 0
}