{
  "height": 228.12663263594308,
  "tabOrder": 1000,
  "width": 538.67731937946951,
  "x": 9.53411184742424,
  "y": 10.422028902149686,
  "z": 16000
}