{
  "height": 228.12663263594308,
  "tabOrder": 1000,
  "width": 481.30340370591648,
  "x": 8.5186443133790544,
  "y": 10.422028902149686,
  "z": 16000
}