{
  "name": "6addafe67f4233552a34",
  "layouts": [
    {
      "id": 0,
      "position": {
        "x": 67.368421052631575,
        "y": 230,
        "z": 3000,
        "width": 150,
        "height": 111.15789473684211,
        "tabOrder": 15000
      }
    }
  ],
  "singleVisualGroup": {
    "displayName": "Group 2",
    "groupMode": 0
  }
}