{
  "name": "7cbe34f1a5b807ed85e8",
  "layouts": [
    {
      "id": 0,
      "position": {
        "x": 64.914285714285711,
        "y": 373.02857142857141,
        "z": 9000,
        "width": 308.1142857142857,
        "height": 204.8,
        "tabOrder": 15000
      }
    }
  ],
  "singleVisualGroup": {
    "displayName": "Group 2",
    "groupMode": 0
  }
}