{
  "height": 111.15789473684211,
  "tabOrder": 15000,
  "width": 150,
  "x": 67.368421052631575,
  "y": 230,
  "z": 3000
}