{
  "height": 204.8,
  "tabOrder": 15000,
  "width": 308.1142857142857,
  "x": 64.914285714285711,
  "y": 373.02857142857141,
  "z": 9000
}