{
  "height": 139.14443885254153,
  "tabOrder": 14000,
  "width": 273.31943346034939,
  "x": 390.92961391904521,
  "y": 255.09813789632611,
  "z": 13000
}