{
  "height": 115.93585532266191,
  "tabOrder": 1000,
  "width": 266.0884221132788,
  "x": 0,
  "y": 4.640631379302631,
  "z": 11000
}