{
  "height": 114.97670831966268,
  "tabOrder": 1000,
  "width": 266.01088983861609,
  "x": 0,
  "y": 4.602239048758344,
  "z": 11000
}