{
  "height": 117.89473684210526,
  "tabOrder": 1000,
  "width": 181.89473684210526,
  "x": 1.4939111885268128,
  "y": 1.2776872007136837,
  "z": 11000
}