{
  "height": 70.015504188144362,
  "tabOrder": 1000,
  "width": 16.092516075145646,
  "x": 208.02259113145885,
  "y": 54.978841145862027,
  "z": 4000
}