{
  "height": 70.015504188144362,
  "tabOrder": 1000,
  "width": 15.824921778280711,
  "x": 204.56348885398353,
  "y": 54.978841145862027,
  "z": 4000
}