{
  "height": 108.29100347545769,
  "width": 214.84174266159454,
  "x": 0,
  "y": 33.708996524542258,
  "z": 20000
}