{
  "height": 226.09443093881333,
  "width": 372.863984445289,
  "x": 12.057790541763076,
  "y": 13.786245788952032,
  "z": 13000
}