{
  "height": 124.54545454545453,
  "tabOrder": 10000,
  "width": 156.36363636363635,
  "x": 667.27272727272725,
  "y": 520,
  "z": 12000
}