{
  "height": 200.22857142857137,
  "tabOrder": 1000,
  "width": 612.22010068301211,
  "x": 0,
  "y": 0,
  "z": 5000
}