{
  "height": 78.94736842105263,
  "tabOrder": 2000,
  "width": 174.70790378006876,
  "x": 219.45017182130584,
  "y": 54.186493862490735,
  "z": 38000
}