{
  "height": 78.94736842105263,
  "tabOrder": 2000,
  "width": 177.52577319587633,
  "x": 222.98969072164948,
  "y": 54.186493862490735,
  "z": 38000
}