{
  "height": 85.448640447573666,
  "tabOrder": 10000,
  "width": 129.46763704177829,
  "x": 240.12129340872264,
  "y": 342.26523189995225,
  "z": 27000
}