{
  "name": "4dbc6fa7b70970d94006",
  "layouts": [
    {
      "id": 0,
      "position": {
        "x": 880.84210526315792,
        "y": 527.15789473684208,
        "z": 22000,
        "width": 389.05263157894734,
        "height": 170.10526315789474,
        "tabOrder": 22000
      }
    }
  ],
  "singleVisualGroup": {
    "displayName": "Group 4",
    "groupMode": 0
  }
}