{
  "name": "44569620d165dba72ab2",
  "layouts": [
    {
      "id": 0,
      "position": {
        "x": 832,
        "y": 527.15789473684208,
        "z": 22000,
        "width": 437.89473684210526,
        "height": 170.10526315789474,
        "tabOrder": 22000
      }
    }
  ],
  "singleVisualGroup": {
    "displayName": "Group 4",
    "groupMode": 0
  }
}