{
  "height": 170.10526315789474,
  "tabOrder": 22000,
  "width": 437.89473684210526,
  "x": 832,
  "y": 527.15789473684208,
  "z": 22000
}