{
  "height": 170.10526315789474,
  "tabOrder": 22000,
  "width": 389.05263157894734,
  "x": 880.84210526315792,
  "y": 527.15789473684208,
  "z": 22000
}