{
  "height": 168.08988764044943,
  "tabOrder": 1000,
  "width": 350,
  "x": 0,
  "y": 1.9101123595506162,
  "z": 9000
}