{
  "height": 197.75280898876406,
  "tabOrder": 1000,
  "width": 340.21052631578948,
  "x": 0,
  "y": 2.2471910112360192,
  "z": 9000
}