{
  "height": 250.12869365159247,
  "width": 559.89071823998847,
  "x": 0,
  "y": 0,
  "z": 5000
}