{
  "height": 225.28147242792434,
  "width": 536.69997843123156,
  "x": 0,
  "y": 0,
  "z": 5000
}