{
  "height": 81.820175438596507,
  "width": 174.80284729933177,
  "x": 219.56943014428259,
  "y": 53.88157894736846,
  "z": 42500
}