{
  "name": "ae8bec287fa554b2257e",
  "layouts": [
    {
      "id": 0,
      "position": {
        "x": 1059.3684210526317,
        "y": 230.73684210526315,
        "z": 12000,
        "width": 207.15789473684211,
        "height": 111.15789473684211,
        "tabOrder": 21000
      }
    }
  ],
  "singleVisualGroup": {
    "displayName": "Group 4",
    "groupMode": 0
  }
}