{
  "height": 48.922211808809728,
  "tabOrder": 5000,
  "width": 15.474057961742693,
  "x": 200.27818446202642,
  "y": 41.303481931919904,
  "z": 5000
}