{
  "height": 43.247925665745939,
  "tabOrder": 5000,
  "width": 14.950298484332336,
  "x": 193.49925178063992,
  "y": 36.51286093337432,
  "z": 5000
}