{
  "height": 48.711340206185561,
  "tabOrder": 5000,
  "width": 15.306122448979592,
  "x": 198.10462277019045,
  "y": 41.125449682213365,
  "z": 5000
}