{
  "height": 42.472844262703624,
  "tabOrder": 5000,
  "width": 14.952258332800207,
  "x": 193.524617776679,
  "y": 35.858484126956895,
  "z": 3000
}