{
  "height": 150.9223090277778,
  "width": 620.33693370860419,
  "x": 0,
  "y": 0,
  "z": 0
}