{
  "height": 88.285714285714292,
  "tabOrder": 1000,
  "width": 298.82812500000006,
  "x": 0.870535714285703,
  "y": 1.1020408163265236,
  "z": 0
}