{
  "height": 73.142857142857139,
  "tabOrder": 17002,
  "width": 119.77142857142857,
  "x": 0,
  "y": 73.142857142857125,
  "z": 2000
}