{
  "height": 222.54375370415178,
  "width": 262.6557567261782,
  "x": 6.73476299297893,
  "y": 12.995255690753387,
  "z": 10501
}