{
  "height": 258.4111007261485,
  "tabOrder": 5000,
  "width": 332.95276439715292,
  "x": 115.93406922496386,
  "y": 178.95927077501568,
  "z": 2000
}