{
  "height": 69.587628865979383,
  "tabOrder": 1000,
  "width": 15.816326530612239,
  "x": 204.45238095245574,
  "y": 54.642857142885646,
  "z": 4000
}