{
  "height": 184.54368932038832,
  "width": 346.71844660194171,
  "x": 918.05825242718436,
  "y": 245.126213592233,
  "z": 17000
}