{
  "height": 185.26315789473685,
  "width": 313.26315789473682,
  "x": 65.6842105263158,
  "y": 394.10526315789474,
  "z": 14000
}