{
  "height": 184.54368932038832,
  "width": 319.68932038834947,
  "x": 397.04854368932035,
  "y": 242.33009708737862,
  "z": 15000
}