{
  "height": 124.54545454545453,
  "width": 171.81818181818181,
  "x": 0,
  "y": 0,
  "z": 11000
}