{
  "height": 234.44444444444443,
  "width": 255.55555555555554,
  "x": 8.2444620189965,
  "y": 8.9527963508839434,
  "z": 14500
}