{
  "height": 228.2748538011696,
  "width": 244.77911646586344,
  "x": 7.8968039820508649,
  "y": 8.717196446913313,
  "z": 14500
}