{
  "height": 69.162368354540149,
  "tabOrder": 2000,
  "width": 15.846442106931194,
  "x": 393.41433604148682,
  "y": 54.308926388902961,
  "z": 5000
}