{
  "height": 109.47368421052632,
  "tabOrder": 19000,
  "width": 185.26315789473685,
  "x": 737.68421052631584,
  "y": 217.26315789473685,
  "z": 12000
}