{
  "height": 125.33333333333333,
  "width": 176,
  "x": 1042.6666666666667,
  "y": 520.66666666666663,
  "z": 3000
}