{
  "name": "f0cad884de0406b63835",
  "layouts": [
    {
      "id": 0,
      "position": {
        "height": 250.63550520035193,
        "width": 283.88496798342879,
        "x": 0,
        "y": 0,
        "z": 0
      }
    }
  ],
  "singleVisualGroup": {
    "displayName": "Group 8",
    "groupMode": 0
  },
  "parentGroupName": "c51bf142c1104eb8485c"
}