{
  "height": 250.63550520035193,
  "width": 283.88496798342879,
  "x": 0,
  "y": 0,
  "z": 0
}