{
  "name": "85d7bd7163ab54bc73e5",
  "layouts": [
    {
      "id": 0,
      "position": {
        "height": 139.78947368421052,
        "width": 601.26315789473688,
        "x": 64,
        "y": 567.578947368421,
        "z": 15000,
        "tabOrder": 13000
      }
    }
  ],
  "singleVisualGroup": {
    "displayName": "Group 5",
    "groupMode": 0
  }
}