{
  "height": 139.78947368421052,
  "tabOrder": 13000,
  "width": 601.26315789473688,
  "x": 64,
  "y": 567.578947368421,
  "z": 15000
}