{
  "height": 389.27313250413397,
  "tabOrder": 4000,
  "width": 387.61665108922284,
  "x": 879.59163131785169,
  "y": 318.04443166295204,
  "z": 12000
}