{
  "name": "1585f9695cb66200c529",
  "layouts": [
    {
      "id": 0,
      "position": {
        "x": 64.733818520889145,
        "y": 390.34492568096152,
        "z": 5000,
        "width": 1205.3437008589558,
        "height": 320.43240167840128,
        "tabOrder": 14000
      }
    }
  ],
  "singleVisualGroup": {
    "displayName": "Group 3",
    "groupMode": 0
  }
}