{
  "height": 33.320308761679293,
  "width": 390,
  "x": 0,
  "y": 0.27603760042310016,
  "z": 22000
}