{
  "height": 206.35456017269297,
  "width": 167.09879445964435,
  "x": 14.518852599179203,
  "y": 11.546028962043506,
  "z": 13000
}