{
  "name": "6bdb0399ea26a148672b",
  "layouts": [
    {
      "id": 0,
      "position": {
        "x": 10,
        "y": 397.77777777777777,
        "z": 10000,
        "width": 142.22222222222223,
        "height": 154.44444444444443,
        "tabOrder": 12000
      }
    }
  ],
  "singleVisualGroup": {
    "displayName": "Group 5",
    "groupMode": 0
  }
}