{
  "height": 154.44444444444443,
  "tabOrder": 12000,
  "width": 142.22222222222223,
  "x": 10,
  "y": 397.77777777777777,
  "z": 10000
}