{
  "height": 70.069513406156887,
  "tabOrder": 6000,
  "width": 353.53967520699342,
  "x": 0,
  "y": 0.10536768933256974,
  "z": 6000
}