{
  "height": 70.833333333333343,
  "tabOrder": 21000,
  "width": 191.66666666666669,
  "x": 573.40834471685,
  "y": 0,
  "z": 21000
}