{
  "height": 256.39882584417251,
  "tabOrder": 1000,
  "width": 311.60579036134646,
  "x": 0,
  "y": 0,
  "z": 0
}