{
  "height": 135.00138935495497,
  "tabOrder": 3000,
  "width": 289.85885888850282,
  "x": 0,
  "y": 0,
  "z": 0
}