{
  "height": 87.793514990294057,
  "tabOrder": 17000,
  "width": 124.23610611834064,
  "x": 92.762959235027679,
  "y": 594.67682795312385,
  "z": 17000
}