{
  "name": "ba56973702c14b343770",
  "layouts": [
    {
      "id": 0,
      "position": {
        "height": 141.72700775367062,
        "width": 429.68348532318907,
        "x": 0.31651467681099671,
        "y": 0,
        "z": 0,
        "tabOrder": 2000
      }
    }
  ],
  "singleVisualGroup": {
    "displayName": "Group 2",
    "groupMode": 0
  },
  "parentGroupName": "c8713aef479387af56f8"
}