{
  "height": 131.19950007811278,
  "tabOrder": 17002,
  "width": 295.7837837837838,
  "x": 0,
  "y": 0,
  "z": 0
}