{
  "height": 63.455980355829375,
  "tabOrder": 2000,
  "width": 131.54007339341547,
  "x": 28.306091742886871,
  "y": 57.412553655274195,
  "z": 6000
}