{
  "height": 69.572219426270763,
  "tabOrder": 2000,
  "width": 183.86943705514415,
  "x": 39.755553957869012,
  "y": 62.9462937666259,
  "z": 6000
}