{
  "name": "a407143667c00cd50c19",
  "layouts": [
    {
      "id": 0,
      "position": {
        "x": 0,
        "y": 211,
        "z": 11000,
        "width": 258.00000000000006,
        "height": 277.99999999999994,
        "tabOrder": 14000
      }
    }
  ],
  "singleVisualGroup": {
    "displayName": "Group 2",
    "groupMode": 0
  }
}