{
  "height": 216.2130486819791,
  "width": 319.70091307786322,
  "x": 0,
  "y": 43.85453345908067,
  "z": 8000
}