{
  "height": 70,
  "tabOrder": 22000,
  "width": 986.66666666666674,
  "x": 0.075011383516709884,
  "y": 0,
  "z": 0
}