{
  "name": "b53a26382be1098bed4c",
  "layouts": [
    {
      "id": 0,
      "position": {
        "x": 397.55553957869006,
        "y": 490.31849881371772,
        "z": 15000,
        "width": 867.99626141347323,
        "height": 230.25091667265798,
        "tabOrder": 2000
      }
    }
  ],
  "singleVisualGroup": {
    "displayName": "Group 3",
    "groupMode": 0
  }
}