{
  "height": 230.25091667265798,
  "tabOrder": 2000,
  "width": 867.99626141347323,
  "x": 397.55553957869006,
  "y": 490.31849881371772,
  "z": 15000
}