{
  "height": 80.27563779954319,
  "tabOrder": 5000,
  "width": 178.01653605579122,
  "x": 401.85185186107555,
  "y": 52.394202535062078,
  "z": 1000
}