{
  "height": 43.892779521854621,
  "width": 171.86186911374062,
  "x": 6.1820816227964253,
  "y": 6.8002897850760684,
  "z": 1000
}