{
  "height": 71.314285714285717,
  "tabOrder": 1000,
  "width": 220.34285714285716,
  "x": 982.9327188940091,
  "y": 0.057142857142864045,
  "z": 7000
}