{
  "height": 70.069513406156887,
  "tabOrder": 1000,
  "width": 230.73900181230235,
  "x": 1028.675944351658,
  "y": 0,
  "z": 7000
}