{
  "height": 97.593180964094188,
  "width": 243.29896907216497,
  "x": 11.074503135295961,
  "y": 0,
  "z": 9000
}