{
  "height": 231.02173781438796,
  "width": 332.59723427929436,
  "x": 7.6116779984317793,
  "y": 9.8117340384489911,
  "z": 17004
}