{
  "height": 213.58515926202332,
  "width": 329.69594307399387,
  "x": 7.5452802892557465,
  "y": 9.0711843702018378,
  "z": 17004
}