{
  "height": 230.90287487786304,
  "width": 337.76044815637937,
  "x": 7.7298411020864632,
  "y": 9.8066858056236086,
  "z": 17004
}