{
  "name": "b9feea057a7e0ed0e336",
  "layouts": [
    {
      "id": 0,
      "position": {
        "x": 0,
        "y": 362.76942986555468,
        "z": 9000,
        "width": 909.40829678625346,
        "height": 344.54813430153138,
        "tabOrder": 15000
      }
    }
  ],
  "singleVisualGroup": {
    "displayName": "Group 4",
    "groupMode": 0
  }
}