{
  "height": 344.54813430153138,
  "tabOrder": 15000,
  "width": 909.40829678625346,
  "x": 0,
  "y": 362.76942986555468,
  "z": 9000
}