{
  "height": 229.21853489430688,
  "tabOrder": 1000,
  "width": 259.72222222222223,
  "x": 9.60039196576691,
  "y": 9.3054896360689057,
  "z": 10000
}