{
  "height": 50.074861144651045,
  "tabOrder": 13000,
  "width": 50.693069306930688,
  "x": 6.1820816227964253,
  "y": 249.13788939869596,
  "z": 14000
}