{
  "height": 78.709651041560193,
  "tabOrder": 1000,
  "width": 222.73156571335119,
  "x": 1023.2254635402826,
  "y": 122.25116012838073,
  "z": 4000
}