{
  "height": 57.10806556302277,
  "tabOrder": 3000,
  "width": 173.88714733542321,
  "x": 26.147973992801642,
  "y": 36.73240339907008,
  "z": 3000
}