{
  "height": 67,
  "tabOrder": 3000,
  "width": 174,
  "x": 20.460205622258968,
  "y": 24.718527572075658,
  "z": 3000
}