{
  "height": 65.799238270866567,
  "tabOrder": 3000,
  "width": 174.0228098210726,
  "x": 20.462887769554097,
  "y": 24.275526648059568,
  "z": 1000
}