{
  "height": 56.861910108009752,
  "tabOrder": 3000,
  "width": 172,
  "x": 25.864197530864256,
  "y": 36.5740740740741,
  "z": 3000
}