{
  "height": 312.55915082803813,
  "width": 853.97708558946863,
  "x": 17.39606213880651,
  "y": 9.5437908649782628,
  "z": 1000
}