{
  "height": 301.72789312607642,
  "width": 431.75049680359746,
  "x": 8.7950351333742951,
  "y": 9.2130654389641649,
  "z": 1000
}