{
  "height": 321.84308600114821,
  "width": 871.437583621967,
  "x": 17.751743706700324,
  "y": 9.8272698015617763,
  "z": 1000
}