{
  "name": "a7a94e887d4c7e6a90c7",
  "layouts": [
    {
      "id": 0,
      "position": {
        "x": 76.3859058546492,
        "y": 86.743316817991456,
        "z": 33000,
        "width": 980.07001240626164,
        "height": 73.149214928604735,
        "tabOrder": 4000
      }
    }
  ],
  "singleVisualGroup": {
    "displayName": "Group 1",
    "groupMode": 0
  }
}