{
  "height": 73.149214928604735,
  "tabOrder": 4000,
  "width": 980.07001240626164,
  "x": 76.3859058546492,
  "y": 86.743316817991456,
  "z": 22013
}