{
  "height": 88.615560743066169,
  "width": 128.61618598604787,
  "x": 0.007304273362639821,
  "y": 0,
  "z": 2000
}