{
  "height": 149.08332734200877,
  "tabOrder": 14000,
  "width": 619.524049176792,
  "x": 9.9728393286521122,
  "y": 228.6188266057415,
  "z": 10000
}