{
  "height": 165.5990746751784,
  "tabOrder": 1000,
  "width": 294.96218802694489,
  "x": 0,
  "y": 0,
  "z": 5000
}