{
  "height": 89.332669558827021,
  "tabOrder": 27000,
  "width": 115.87353515239157,
  "x": 1129.820701458204,
  "y": 594.77401705544276,
  "z": 26000
}