{
  "height": 187.49999999999997,
  "tabOrder": 1000,
  "width": 406.46805140548912,
  "x": 0,
  "y": 0,
  "z": 0
}