{
  "height": 250.12869365159247,
  "tabOrder": 10000,
  "width": 319.70091307786322,
  "x": 246.77298877918884,
  "y": 462.74820770660909,
  "z": 16000
}