{
  "name": "65dd2f575f4feaf44c10",
  "layouts": [
    {
      "id": 0,
      "position": {
        "x": 431.68975069252082,
        "y": 282.94736842105266,
        "z": 16000,
        "width": 410,
        "height": 200.42105263157896,
        "tabOrder": 19000
      }
    }
  ],
  "singleVisualGroup": {
    "displayName": "Group 3",
    "groupMode": 0
  }
}