{
  "height": 200.42105263157896,
  "tabOrder": 19000,
  "width": 410,
  "x": 431.68975069252082,
  "y": 282.94736842105266,
  "z": 16000
}