{
  "name": "8d96cc208c20cb03676e",
  "layouts": [
    {
      "id": 0,
      "position": {
        "x": 9.9388884894672511,
        "y": 220.31202818319073,
        "z": 9000,
        "width": 233.5638795024804,
        "height": 110
      }
    }
  ],
  "singleVisualGroup": {
    "displayName": "Group 7",
    "groupMode": 0
  }
}