{
  "height": 110,
  "width": 233.5638795024804,
  "x": 9.9388884894672511,
  "y": 220.31202818319073,
  "z": 9000
}