{
  "height": 183.57894736842104,
  "tabOrder": 18000,
  "width": 144.84210526315789,
  "x": 65.6842105263158,
  "y": 235.78947368421052,
  "z": 3000
}