{
  "height": 71.2287008412,
  "id": 3700560268,
  "width": 190.4953627148,
  "x": 473.7536846646,
  "y": 100,
  "z": 8000
}