{
  "height": 228.88888888888889,
  "tabOrder": 13000,
  "width": 260,
  "x": 713.33333333333337,
  "y": 221.11111111111111,
  "z": 11000
}