{
  "height": 139.71504467519921,
  "tabOrder": 2000,
  "width": 139.71504467519921,
  "x": 0.0079345913685529013,
  "y": 0,
  "z": 2000
}