{
  "name": "1b0190b990e7a20200db",
  "layouts": [
    {
      "id": 0,
      "position": {
        "x": 909.40829678625346,
        "y": 212.0296211086347,
        "z": 10000,
        "width": 351.17405996117623,
        "height": 495.28794305845133,
        "tabOrder": 6000
      }
    }
  ],
  "singleVisualGroup": {
    "displayName": "Group 8",
    "groupMode": 0
  }
}