{
  "height": 495.28794305845133,
  "tabOrder": 6000,
  "width": 351.17405996117623,
  "x": 909.40829678625346,
  "y": 212.0296211086347,
  "z": 10000
}