{
  "height": 139.78947368421052,
  "width": 160.99891107078039,
  "x": 0,
  "y": 0,
  "z": 0
}