{
  "height": 230.25091667265798,
  "tabOrder": 1000,
  "width": 202.09073261916743,
  "x": 0,
  "y": 0,
  "z": 0
}