{
  "name": "4a43da7d1d2d8669e3e3",
  "layouts": [
    {
      "id": 0,
      "position": {
        "height": 165.5990746751784,
        "width": 294.96218802694489,
        "x": 904.384604455145,
        "y": 212.0296211086347,
        "z": 7000,
        "tabOrder": 2000
      }
    }
  ],
  "singleVisualGroup": {
    "displayName": "Group 11",
    "groupMode": 0
  }
}