{
  "height": 158.90410958904107,
  "width": 277.78344866811295,
  "x": 0,
  "y": 0,
  "z": 5000
}