{
  "height": 228.88888888888886,
  "tabOrder": 1000,
  "width": 264.49605979253431,
  "x": 0,
  "y": 0,
  "z": 1000
}