{
  "name": "0db47df145d8866b12b1",
  "layouts": [
    {
      "id": 0,
      "position": {
        "height": 150.73980875691998,
        "width": 619.524049176792,
        "x": 0,
        "y": 0,
        "z": 22000,
        "tabOrder": 1000
      }
    }
  ],
  "singleVisualGroup": {
    "displayName": "Group 3",
    "groupMode": 0
  },
  "parentGroupName": "ed905870de1048235800"
}