{
  "name": "d0650f97a04d872aace4",
  "layouts": [
    {
      "id": 0,
      "position": {
        "x": 650.56310679611647,
        "y": 244.19417475728153,
        "z": 16000,
        "width": 256.31067961165047,
        "height": 184.54368932038832,
        "tabOrder": 16000
      }
    }
  ],
  "singleVisualGroup": {
    "displayName": "Group 2",
    "groupMode": 0
  }
}