{
  "name": "3ce8594ab0281662d959",
  "layouts": [
    {
      "id": 0,
      "position": {
        "x": 65.6842105263158,
        "y": 437.89473684210526,
        "z": 5000,
        "width": 313.26315789473682,
        "height": 257.68421052631578,
        "tabOrder": 16000
      }
    }
  ],
  "singleVisualGroup": {
    "displayName": "Group 2",
    "groupMode": 0
  }
}