{
  "name": "ade92f53549ae903e629",
  "layouts": [
    {
      "id": 0,
      "position": {
        "height": 245.15924940685886,
        "width": 274.97591487526063,
        "x": 0,
        "y": 0,
        "z": 4000
      }
    }
  ],
  "singleVisualGroup": {
    "displayName": "Group 8",
    "groupMode": 0
  },
  "parentGroupName": "aa6a5476682405dd0ad0"
}