{
  "height": 107.13253012048193,
  "width": 288.91720779220776,
  "x": 289.81168831168827,
  "y": 33.348385088288438,
  "z": 21000
}