{
  "height": 254.43554533036166,
  "width": 240.43984009267788,
  "x": 10.354602404635674,
  "y": 13.60681162248493,
  "z": 13000
}