{
  "height": 69.587628865979354,
  "tabOrder": 2000,
  "width": 16.071428571428569,
  "x": 399,
  "y": 54.642857142885639,
  "z": 5000
}