{
  "height": 69.587628865979354,
  "tabOrder": 2000,
  "width": 15.816326530612242,
  "x": 392.66666666674149,
  "y": 54.642857142885639,
  "z": 5000
}