{
  "height": 52.420107320962885,
  "tabOrder": 11000,
  "width": 13.340196994751599,
  "x": 1056.0989287511684,
  "y": 26.654291858116704,
  "z": 11000
}