{
  "height": 41.56818181818182,
  "tabOrder": 11000,
  "width": 13.386666666666665,
  "x": 1059.7777777777781,
  "y": 21.136363636363622,
  "z": 11000
}