{
  "name": "c95603a6d063473a523e",
  "layouts": [
    {
      "id": 0,
      "position": {
        "x": 891.18700122223015,
        "y": 326.32683873750807,
        "z": 12000,
        "width": 372.7083183550219,
        "height": 384.30368825940036,
        "tabOrder": 12000
      }
    }
  ],
  "singleVisualGroup": {
    "displayName": "Group 9",
    "groupMode": 0
  }
}