{
  "height": 69.572219426270763,
  "tabOrder": 13001,
  "width": 1280.4601337263641,
  "x": 0,
  "y": 0,
  "z": 13002
}