{
  "height": 468.48664743840527,
  "width": 335.38202038349795,
  "x": 8.1800492776462921,
  "y": 16.080777372027637,
  "z": 7000
}