{
  "height": 468.21428571428572,
  "width": 346.6761565836299,
  "x": 8.4555160142348758,
  "y": 16.071428571428566,
  "z": 7000
}