{
  "height": 325.90375473976019,
  "width": 346.45595501880211,
  "x": 8.4501452443610283,
  "y": 11.186627737062702,
  "z": 7000
}