{
  "height": 316.50268489149784,
  "width": 332.21803905912532,
  "x": 8.1028790014420817,
  "y": 10.863936552339737,
  "z": 7000
}