{
  "height": 199.6835231798608,
  "tabOrder": 1000,
  "width": 302.06551181357548,
  "x": 0.56305961499599144,
  "y": 0.54504824871061108,
  "z": 17004
}