{
  "height": 50.074861144651045,
  "tabOrder": 4000,
  "width": 50.074861144651045,
  "x": 6.8002897850760684,
  "y": 75,
  "z": 16000
}