{
  "height": 44.614945336641277,
  "id": 3701583239,
  "tabOrder": 1000,
  "width": 293.197210439284,
  "x": 1.7649775876609255,
  "y": 0,
  "z": 11000
}