{
  "height": 323.01387590768564,
  "tabOrder": 7000,
  "width": 450.56294485584868,
  "x": 460.50183334531596,
  "y": 384.30368825940036,
  "z": 9000
}