{
  "height": 55.049295006581971,
  "width": 357.25911201714541,
  "x": 0.54087360367561033,
  "y": 0,
  "z": 10000
}