{
  "name": "76d50235b104277b7d4e",
  "layouts": [
    {
      "id": 0,
      "position": {
        "x": 227.34118772268286,
        "y": 230,
        "z": 4000,
        "width": 149.89473684210526,
        "height": 111.15789473684211,
        "tabOrder": 14000
      }
    }
  ],
  "singleVisualGroup": {
    "displayName": "Group 3",
    "groupMode": 0
  }
}