{
  "height": 111.15789473684211,
  "tabOrder": 14000,
  "width": 149.89473684210526,
  "x": 227.34118772268286,
  "y": 230,
  "z": 4000
}