{
  "height": 236.67091801834343,
  "width": 299.05604105978642,
  "x": 10.649882091829669,
  "y": 9.3548548178793336,
  "z": 12000
}