{
  "height": 217.62521664164314,
  "width": 288.94220960817017,
  "x": 10.289711763637509,
  "y": 8.6020383215580285,
  "z": 12000
}