{
  "height": 72.228571428571428,
  "tabOrder": 4000,
  "width": 140.8,
  "x": 842.13271889400914,
  "y": 0,
  "z": 4000
}