{
  "name": "4b3baa8995d72c0a5bc7",
  "layouts": [
    {
      "id": 0,
      "position": {
        "height": 87.090390721884788,
        "width": 267.01030927835052,
        "x": 311.13402061272217,
        "y": 188.64979651945228,
        "z": 10000,
        "tabOrder": 10000
      }
    }
  ],
  "singleVisualGroup": {
    "displayName": "Group 4",
    "groupMode": 0
  },
  "parentGroupName": "72e068c04a6b1c7a2036"
}