{
  "height": 87.090390721884788,
  "tabOrder": 10000,
  "width": 267.01030927835052,
  "x": 311.13402061272217,
  "y": 188.64979651945228,
  "z": 10000
}