{
  "height": 163.36842105263159,
  "tabOrder": 18000,
  "width": 261.05263157894734,
  "x": 341.89473684210526,
  "y": 343.57894736842104,
  "z": 10000
}