{
  "name": "e9adc71c3cc0140eaebc",
  "layouts": [
    {
      "id": 0,
      "position": {
        "x": 10,
        "y": 328.33333333333337,
        "z": 9000,
        "width": 393.33333333333337,
        "height": 208.33333333333334
      }
    }
  ],
  "singleVisualGroup": {
    "displayName": "Group 6",
    "groupMode": 0
  }
}