{
  "height": 208.33333333333334,
  "width": 393.33333333333337,
  "x": 10,
  "y": 328.33333333333337,
  "z": 9000
}