{
  "height": 137.75997132127603,
  "width": 597.51941159692853,
  "x": 0,
  "y": 0.34529183661872709,
  "z": 16000
}