{
  "height": 71.228700841181961,
  "id": 3701523230,
  "width": 231.90739808756919,
  "x": 516.822201452297,
  "y": 122.57962470342943,
  "z": 0
}