{
  "height": 208.33333333333334,
  "width": 393.33333333333337,
  "x": 0,
  "y": 0,
  "z": 1000
}