{
  "name": "74bb4b68cfc3b786e48f",
  "layouts": [
    {
      "id": 0,
      "position": {
        "x": 928,
        "y": 222.31578947368422,
        "z": 4000,
        "width": 341.89473684210526,
        "height": 129.68421052631578,
        "tabOrder": 15000
      }
    }
  ],
  "singleVisualGroup": {
    "displayName": "Group 2",
    "groupMode": 0
  }
}