{
  "height": 46.027397260273979,
  "id": 3701583240,
  "tabOrder": 10000,
  "width": 264.65753424657538,
  "x": 98.63013698630138,
  "y": 193.97260273972606,
  "z": 10000
}