{
  "height": 106.01481055431735,
  "id": 3701523231,
  "tabOrder": 1000,
  "width": 165.64814149112084,
  "x": 173.46280923111712,
  "y": 6.69400539634151,
  "z": 5000
}