{
  "height": 250.12869365159247,
  "tabOrder": 11000,
  "width": 349.517578546265,
  "x": 566.51664389963332,
  "y": 462.15831476022714,
  "z": 14000
}