{
  "height": 87.793514990294057,
  "tabOrder": 1000,
  "width": 485.34905456898412,
  "x": 0,
  "y": 0,
  "z": 0
}