{
  "height": 103.84615384615383,
  "tabOrder": 1000,
  "width": 480.87651460404572,
  "x": 0,
  "y": 0,
  "z": 0
}