{
  "name": "01a8bd1d0c1190663760",
  "layouts": [
    {
      "id": 0,
      "position": {
        "x": 0.30231312894479329,
        "y": 391.79795010482729,
        "z": 11000,
        "width": 630,
        "height": 150,
        "tabOrder": 10000
      }
    }
  ],
  "singleVisualGroup": {
    "displayName": "Group 2",
    "groupMode": 0
  }
}