{
  "name": "01a8bd1d0c1190663760",
  "layouts": [
    {
      "id": 0,
      "position": {
        "x": 9.9728393286521122,
        "y": 389.29752385212873,
        "z": 11000,
        "width": 621.18053059170313,
        "height": 149.08332734200877,
        "tabOrder": 10000
      }
    }
  ],
  "singleVisualGroup": {
    "displayName": "Group 2",
    "groupMode": 0
  }
}