{
  "height": 150,
  "tabOrder": 10000,
  "width": 630,
  "x": 0.30231312894479329,
  "y": 391.79795010482729,
  "z": 11000
}