{
  "height": 149.08332734200877,
  "tabOrder": 10000,
  "width": 621.18053059170313,
  "x": 9.9728393286521122,
  "y": 389.29752385212873,
  "z": 11000
}