{
  "height": 220.31202818319073,
  "tabOrder": 1000,
  "width": 188.83888129987776,
  "x": 0,
  "y": 0,
  "z": 0
}