{
  "name": "ae926301d0102d7dabd0",
  "layouts": [
    {
      "id": 0,
      "position": {
        "x": 64,
        "y": 414.31578947368422,
        "z": 7000,
        "width": 599.57894736842115,
        "height": 138.10526315789474,
        "tabOrder": 4000
      }
    }
  ],
  "singleVisualGroup": {
    "displayName": "Group 4",
    "groupMode": 0
  }
}