{
  "height": 149.08332734200877,
  "width": 619.524049176792,
  "x": 0,
  "y": 0,
  "z": 0
}