{
  "height": 78.94736842105263,
  "tabOrder": 1000,
  "width": 174.70790378006876,
  "x": 406.94158075601388,
  "y": 54.186493862490735,
  "z": 37500
}