{
  "height": 78.94736842105263,
  "tabOrder": 1000,
  "width": 177.52577319587633,
  "x": 413.50515463917537,
  "y": 54.186493862490735,
  "z": 37500
}