{
  "name": "5362421a190f2532ce36",
  "layouts": [
    {
      "id": 0,
      "position": {
        "x": 64.914285714285711,
        "y": 330,
        "z": 18000,
        "width": 267.8857142857143,
        "height": 200,
        "tabOrder": 18000
      }
    }
  ],
  "singleVisualGroup": {
    "displayName": "Group 3",
    "groupMode": 0
  }
}