{
  "height": 140,
  "tabOrder": 2000,
  "width": 592.45714285714291,
  "x": 0.43641747356138139,
  "y": 0,
  "z": 0
}