{
  "height": 206.57968104063355,
  "tabOrder": 1000,
  "width": 158.98029393520264,
  "x": 13.81345365945678,
  "y": 11.558625010606848,
  "z": 13000
}