{
  "height": 110.97345132743361,
  "width": 207.30337078651692,
  "x": 0,
  "y": 0,
  "z": 4000
}