{
  "height": 69.587628865979383,
  "tabOrder": 2000,
  "width": 15.816326530612239,
  "x": 392.66666666674138,
  "y": 54.642857142885646,
  "z": 5000
}