{
  "height": 256.39882584417251,
  "width": 311.60579036134646,
  "x": 1.2513524957964051,
  "y": 1.0297455843989327,
  "z": 13000
}