{
  "height": 13.251851319289669,
  "tabOrder": 1000,
  "width": 127.54906894816305,
  "x": 332.95276439715292,
  "y": 48.037961032425045,
  "z": 15000
}