{
  "name": "abbaaa272961eb00743c",
  "layouts": [
    {
      "id": 0,
      "position": {
        "x": 674.39984973780338,
        "y": 225.90336937254932,
        "z": 17000,
        "width": 290,
        "height": 240,
        "tabOrder": 17000
      }
    }
  ],
  "singleVisualGroup": {
    "displayName": "Group 6",
    "groupMode": 0
  }
}