{
  "height": 240,
  "tabOrder": 17000,
  "width": 290,
  "x": 674.39984973780338,
  "y": 225.90336937254932,
  "z": 17000
}