{
  "height": 251.16890080428954,
  "width": 240.4754716981133,
  "x": 9.2490566037735853,
  "y": 17.887399463806968,
  "z": 13000
}