{
  "height": 248.33333333333334,
  "width": 228.33333333333334,
  "x": 15,
  "y": 20,
  "z": 13000
}