{
  "height": 251.42989755124123,
  "width": 233.13882012054097,
  "x": 8.96687769694388,
  "y": 17.905986769227862,
  "z": 13000
}