{
  "name": "31444418d99c3dfb81eb",
  "layouts": [
    {
      "id": 0,
      "position": {
        "height": 140.210843373494,
        "width": 579.62337662337666,
        "x": 0.42696382800483157,
        "y": 0,
        "z": 0
      }
    }
  ],
  "singleVisualGroup": {
    "displayName": "Group 2",
    "groupMode": 0
  },
  "parentGroupName": "09858e8538b1d0efae7b"
}