{
  "height": 140.210843373494,
  "width": 579.62337662337666,
  "x": 0.42696382800483157,
  "y": 0,
  "z": 0
}