{
  "height": 50.727272727272741,
  "tabOrder": 3000,
  "width": 327.97333333333336,
  "x": 452.91555555555556,
  "y": 19.022727272727273,
  "z": 7000
}