{
  "height": 63.970300459480129,
  "tabOrder": 3000,
  "width": 326.83482637141424,
  "x": 451.34333165576248,
  "y": 23.988862672305046,
  "z": 7000
}