{
  "height": 106.97142857142858,
  "tabOrder": 12003,
  "width": 296.22857142857146,
  "x": 0,
  "y": 33.298237140787251,
  "z": 20000
}