{
  "name": "72fcaca51160c20cbc47",
  "layouts": [
    {
      "id": 0,
      "position": {
        "x": 266.69350780070459,
        "y": 462.15831476022714,
        "z": 12000,
        "width": 480.37961032425045,
        "height": 248.47221223668129,
        "tabOrder": 11000
      }
    }
  ],
  "singleVisualGroup": {
    "displayName": "Group 6",
    "groupMode": 0
  }
}