{
  "height": 248.47221223668129,
  "tabOrder": 11000,
  "width": 480.37961032425045,
  "x": 266.69350780070459,
  "y": 462.15831476022714,
  "z": 12000
}