{
  "name": "b53a26382be1098bed4c",
  "layouts": [
    {
      "id": 0,
      "position": {
        "x": 397.55553957869006,
        "y": 490.31849881371772,
        "z": 15000,
        "width": 866.339779998562,
        "height": 220.31202818319073,
        "tabOrder": 10000
      }
    }
  ],
  "singleVisualGroup": {
    "displayName": "Group 3",
    "groupMode": 0
  }
}