{
  "height": 183.57894736842104,
  "tabOrder": 1000,
  "width": 144.84210526315789,
  "x": 0.58165969800264183,
  "y": 0.73728734840667509,
  "z": 13000
}