{
  "height": 185,
  "tabOrder": 1000,
  "width": 139.78947368421052,
  "x": 0.56136924342115435,
  "y": 0.742994561252713,
  "z": 13000
}