{
  "name": "2d9852cf979ed69a2245",
  "layouts": [
    {
      "id": 0,
      "position": {
        "x": 713.94348982673091,
        "y": 462.15831476022714,
        "z": 13000,
        "width": 260.06758214105975,
        "height": 245.15924940685886,
        "tabOrder": 20000
      }
    }
  ],
  "singleVisualGroup": {
    "displayName": "Group 9",
    "groupMode": 0
  }
}