{
  "height": 245.15924940685886,
  "tabOrder": 20000,
  "width": 260.06758214105975,
  "x": 713.94348982673091,
  "y": 462.15831476022714,
  "z": 13000
}