{
  "height": 140.26966571221584,
  "tabOrder": 14000,
  "width": 592.4571428571428,
  "x": 678.00049910621442,
  "y": 254.70176285921275,
  "z": 3000
}