{
  "height": 113.42465753424659,
  "id": 3701523232,
  "tabOrder": 6000,
  "width": 139.72602739726028,
  "x": 898.76715673159254,
  "y": 539.50661596532177,
  "z": 6000
}