{
  "height": 74.541663671004386,
  "tabOrder": 13000,
  "width": 286.57128477963909,
  "x": 495.28794305845133,
  "y": 13.251851319289669,
  "z": 13000
}