{
  "height": 294.05405405405406,
  "tabOrder": 16000,
  "width": 591.56756756756761,
  "x": 678.05405405405406,
  "y": 413.40540540540542,
  "z": 15000
}