{
  "height": 224.78017585931266,
  "width": 247.1838378028614,
  "x": 9.1369221709476776,
  "y": 9.1253074181678286,
  "z": 10000
}