{
  "name": "014ef9cce0ee63b47582",
  "layouts": [
    {
      "id": 0,
      "position": {
        "x": 423.33333333333337,
        "y": 318.33333333333337,
        "z": 10000,
        "width": 458.33333333333337,
        "height": 216.66666666666669,
        "tabOrder": 2000
      }
    }
  ],
  "singleVisualGroup": {
    "displayName": "Group 7",
    "groupMode": 0
  }
}