{
  "height": 216.66666666666669,
  "tabOrder": 2000,
  "width": 458.33333333333337,
  "x": 423.33333333333337,
  "y": 318.33333333333337,
  "z": 10000
}