{
  "name": "e1ffce05c2d53266e71c",
  "layouts": [
    {
      "id": 0,
      "position": {
        "x": 493.61183182471939,
        "y": 177.3027893601045,
        "z": 3000,
        "width": 319.70091307786322,
        "height": 260.06758214105975,
        "tabOrder": 6000
      }
    }
  ],
  "singleVisualGroup": {
    "displayName": "Group 2",
    "groupMode": 0
  }
}