{
  "height": 160.06097560975607,
  "tabOrder": 18000,
  "width": 902,
  "x": 64.914285714285711,
  "y": 542,
  "z": 6000
}