{
  "height": 230.902874877863,
  "tabOrder": 1000,
  "width": 347.73900463525712,
  "x": 0,
  "y": 0,
  "z": 14000
}