{
  "height": 249.75323006960858,
  "tabOrder": 1000,
  "width": 350.799072971196,
  "x": 0,
  "y": 0,
  "z": 14000
}