{
  "height": 70,
  "width": 198.19050870604303,
  "x": 226.37524815359927,
  "y": 60.953757481556181,
  "z": 1000
}