{
  "height": 69.572219426270763,
  "width": 136.5192816147202,
  "x": 155.93373494550738,
  "y": 60.5812598623217,
  "z": 1000
}