{
  "height": 96,
  "id": 3700560260,
  "tabOrder": 3000,
  "width": 116.21052631578948,
  "x": 149.89473684210526,
  "y": 99.368421052631575,
  "z": 0
}