{
  "height": 135.8314760227191,
  "tabOrder": 1000,
  "width": 299.78652877484228,
  "x": 0,
  "y": 0,
  "z": 0
}