{
  "height": 226.93795384283555,
  "width": 262.67876272896626,
  "x": 6.7353528904863147,
  "y": 13.251851319289669,
  "z": 10501
}