{
  "height": 226.93795384283553,
  "width": 272.76138190442151,
  "x": 6.9938815872928606,
  "y": 13.251851319289667,
  "z": 10501
}