{
  "height": 71.333333333333329,
  "width": 224.66666666666666,
  "x": 562,
  "y": 96.666666666666671,
  "z": 0
}