{
  "height": 109.89171347501299,
  "width": 150.14937616667569,
  "x": 0.014141275184800763,
  "y": 0,
  "z": 3000
}