{
  "height": 52.076850984067477,
  "tabOrder": 8000,
  "width": 12.729999999999997,
  "x": 316.0434563070263,
  "y": 27.70727272729405,
  "z": 2000
}