{
  "height": 41.183223992502342,
  "tabOrder": 8000,
  "width": 12.549999999999997,
  "x": 311.57465645350982,
  "y": 21.9113636363805,
  "z": 2000
}