{
  "height": 51.934651146227417,
  "tabOrder": 8000,
  "width": 12.506434682579622,
  "x": 310.49307487514,
  "y": 27.631615892935596,
  "z": 2000
}