{
  "height": 69.3398300917832,
  "width": 124.39175575657896,
  "x": 32.910483763004827,
  "y": 59.421156642836323,
  "z": 5000
}