{
  "height": 69.681818181818173,
  "width": 179.82775119617224,
  "x": 47.577255018898541,
  "y": 59.71422525637422,
  "z": 5000
}