{
  "height": 63.555944055944039,
  "width": 114.37573881227132,
  "x": 30.260533523049443,
  "y": 54.464623036033629,
  "z": 5000
}