{
  "height": 183.5948360915626,
  "width": 318.5103935507999,
  "x": 0,
  "y": 0,
  "z": 0
}