{
  "height": 89.640183530548171,
  "tabOrder": 23,
  "width": 151.46099975851243,
  "x": 76.657812122675679,
  "y": 446.34629316590195,
  "z": 12
}