{
  "height": 50.074861144651045,
  "tabOrder": 8000,
  "width": 50.074861144651045,
  "x": 6.1820816227964253,
  "y": 249.13788939869596,
  "z": 8000
}