{
  "name": "ff81a3f71a02656a579a",
  "layouts": [
    {
      "id": 0,
      "position": {
        "height": 55.049295006581971,
        "width": 357.25911201714541,
        "x": 0.54087360367561033,
        "y": 0,
        "z": 10000,
        "tabOrder": 0
      }
    }
  ],
  "singleVisualGroup": {
    "displayName": "Grupo 4",
    "groupMode": 0
  },
  "parentGroupName": "642df4821653a001d217"
}