{
  "name": "e82bb7da27ac020dc436",
  "layouts": [
    {
      "id": 0,
      "position": {
        "x": 339.393098579661,
        "y": 222.48093957471008,
        "z": 11000,
        "width": 567.388648030632,
        "height": 119.17242404281895,
        "tabOrder": 18000
      }
    }
  ],
  "singleVisualGroup": {
    "displayName": "Group 7",
    "groupMode": 0
  }
}