{
  "height": 119.17242404281895,
  "tabOrder": 18000,
  "width": 567.388648030632,
  "x": 339.393098579661,
  "y": 222.48093957471008,
  "z": 11000
}