{
  "height": 113.4246575342,
  "id": 3701523233,
  "width": 139.7260273973,
  "x": 658.21924497,
  "y": 547.177882286,
  "z": 3000
}