{
  "height": 251.78517506650368,
  "tabOrder": 14000,
  "width": 399.21202099360124,
  "x": 864.68329858365087,
  "y": 225.28147242792434,
  "z": 14000
}