{
  "height": 175.1882489106755,
  "width": 388.09236947791186,
  "x": 14.08447507767794,
  "y": 13.216741557734277,
  "z": 5000
}