{
  "height": 175.1882489106755,
  "width": 379.19987785342789,
  "x": 13.76175274012723,
  "y": 13.216741557734277,
  "z": 5000
}