{
  "height": 175.1882489106755,
  "width": 397.63482576137909,
  "x": 14.43078564257034,
  "y": 13.216741557734277,
  "z": 5000
}