{
  "height": 166.73684210526315,
  "tabOrder": 17001,
  "width": 442.94736842105266,
  "x": 837.0526315789474,
  "y": 554.10526315789468,
  "z": 11000
}