{
  "height": 250.12869365159247,
  "tabOrder": 19000,
  "width": 319.70091307786322,
  "x": 243.62745405933327,
  "y": 211.3322644865722,
  "z": 13000
}