{
  "name": "9a8be4ceb0db4c8a1f3c",
  "layouts": [
    {
      "id": 0,
      "position": {
        "height": 146.28571428571428,
        "width": 1203.1999999999998,
        "x": 64.914285714285711,
        "y": 74.057142857142864,
        "z": 19006,
        "tabOrder": 2000
      }
    }
  ],
  "singleVisualGroup": {
    "displayName": "Group 1",
    "groupMode": 0
  }
}