{
  "height": 146.28571428571428,
  "tabOrder": 2000,
  "width": 1203.1999999999998,
  "x": 64.914285714285711,
  "y": 74.057142857142864,
  "z": 12000
}