{
  "name": "936592fe5ea598de460e",
  "layouts": [
    {
      "id": 0,
      "position": {
        "height": 141.72700775367062,
        "width": 390.00000000000006,
        "x": 0,
        "y": 0,
        "z": 0,
        "tabOrder": 2000
      }
    }
  ],
  "singleVisualGroup": {
    "displayName": "Group 2",
    "groupMode": 0
  },
  "parentGroupName": "b8d5f3a5d4c4e0c28879"
}