{
  "height": 64.602775181537126,
  "tabOrder": 2000,
  "width": 16.564814149112085,
  "x": 218.65554676827946,
  "y": 64.60277518153714,
  "z": 2000
}