{
  "height": 58.923410330412963,
  "tabOrder": 2000,
  "width": 10.535708999251439,
  "x": 139.07135879011898,
  "y": 58.923410330412977,
  "z": 2000
}