{
  "name": "2d13bc46c91013701d13",
  "layouts": [
    {
      "id": 0,
      "position": {
        "x": 511.8527572075634,
        "y": 212.0296211086347,
        "z": 9000,
        "width": 559.89071823998847,
        "height": 250.12869365159247,
        "tabOrder": 14000
      }
    }
  ],
  "singleVisualGroup": {
    "displayName": "Group 3",
    "groupMode": 0
  }
}