{
  "height": 250.12869365159247,
  "tabOrder": 14000,
  "width": 559.89071823998847,
  "x": 511.8527572075634,
  "y": 212.0296211086347,
  "z": 9000
}