{
  "height": 50.727272727272741,
  "tabOrder": 5000,
  "width": 156.62399999999997,
  "x": 1069.8177777777776,
  "y": 19.022727272727273,
  "z": 8000
}