{
  "height": 63.970300459480129,
  "tabOrder": 5000,
  "width": 156.08030483859372,
  "x": 1066.1040764972322,
  "y": 23.988862672305046,
  "z": 8000
}