{
  "name": "165b407ee5060cbb4081",
  "layouts": [
    {
      "id": 0,
      "position": {
        "x": 492.02501977137109,
        "y": 214,
        "z": 8000,
        "width": 773.33333333333326,
        "height": 105,
        "tabOrder": 0
      }
    }
  ],
  "singleVisualGroup": {
    "displayName": "Group 5",
    "groupMode": 0
  }
}