{
  "height": 105,
  "width": 773.33333333333326,
  "x": 492.02501977137109,
  "y": 214,
  "z": 8000
}