{
  "height": 171.72517390085429,
  "width": 394.37767289390945,
  "x": 12.721860415932563,
  "y": 14.114397854864736,
  "z": 2000
}