{
  "height": 171.72517390085429,
  "width": 403.33816560892546,
  "x": 13.010908568029853,
  "y": 14.114397854864736,
  "z": 2000
}