{
  "height": 248.47221223668129,
  "tabOrder": 7000,
  "width": 246.81573082177007,
  "x": 9.9388884894672511,
  "y": 462.15831476022714,
  "z": 14000
}