{
  "height": 69.587628865979383,
  "tabOrder": 2000,
  "width": 16.071428571428566,
  "x": 399,
  "y": 54.642857142885646,
  "z": 5000
}