{
  "height": 69.48571428571428,
  "tabOrder": 11000,
  "width": 190.17142857142858,
  "x": 716.8,
  "y": 74.971428571428575,
  "z": 10000
}