{
  "height": 64.285714285714263,
  "width": 11.458333333333336,
  "x": 151.25,
  "y": 64.285714285714278,
  "z": 2000
}