{
  "name": "6811f3b6ee604d91d062",
  "layouts": [
    {
      "id": 0,
      "position": {
        "x": 160.67869724638723,
        "y": 64.553708365594687,
        "z": 8005,
        "width": 127.54906894816305,
        "height": 76.198145085915584,
        "tabOrder": 0
      }
    }
  ],
  "singleVisualGroup": {
    "displayName": "Group 10",
    "groupMode": 0
  },
  "parentGroupName": "4a43da7d1d2d8669e3e3"
}