{
  "height": 76.198145085915584,
  "width": 127.54906894816305,
  "x": 160.67869724638723,
  "y": 64.553708365594687,
  "z": 8005
}