{
  "height": 13.251851319289669,
  "tabOrder": 3000,
  "width": 127.54906894816305,
  "x": 168.96110432094326,
  "y": 48.037961032425045,
  "z": 15000
}