{
  "name": "3af0923380247907b089",
  "layouts": [
    {
      "id": 0,
      "position": {
        "height": 146.28571428571428,
        "width": 1203.1999999999998,
        "x": 64.914285714285711,
        "y": 74.057142857142864,
        "z": 22000,
        "tabOrder": 3000
      }
    }
  ],
  "singleVisualGroup": {
    "displayName": "Group 1",
    "groupMode": 0
  }
}