{
  "name": "2b29e2ace1866ac33808",
  "layouts": [
    {
      "id": 0,
      "position": {
        "x": 745.14285714285711,
        "y": 230.4,
        "z": 5000,
        "width": 181.02857142857144,
        "height": 89.6,
        "tabOrder": 13000
      }
    }
  ],
  "singleVisualGroup": {
    "displayName": "Group 5",
    "groupMode": 0
  }
}