{
  "height": 87.959697732997469,
  "tabOrder": 10000,
  "width": 137.83375314861459,
  "x": 302.87153652392942,
  "y": 448.86649874055411,
  "z": 10000
}