{
  "height": 55.049295006581971,
  "width": 357.25911201714547,
  "x": 0,
  "y": 0,
  "z": 1000
}