{
  "height": 50.727272727272741,
  "width": 140.56000000000003,
  "x": 171.79554534233935,
  "y": 19.022727272727273,
  "z": 5000
}