{
  "height": 63.970300459480129,
  "width": 140.07206844489181,
  "x": 171.19918458821624,
  "y": 23.988862672305046,
  "z": 5000
}