{
  "height": 64.145454545454555,
  "width": 142.57600000000002,
  "x": 174.259545195855,
  "y": 24.054545454545455,
  "z": 5000
}