{
  "name": "52768e81800992936cc0",
  "layouts": [
    {
      "id": 0,
      "position": {
        "x": 765.29441368897835,
        "y": 462.15831476022714,
        "z": 11000,
        "width": 500.25738730318494,
        "height": 248.47221223668129,
        "tabOrder": 2000
      }
    }
  ],
  "singleVisualGroup": {
    "displayName": "Group 6",
    "groupMode": 0
  }
}