{
  "height": 248.47221223668129,
  "tabOrder": 2000,
  "width": 501.91386871809618,
  "x": 256.75461931123732,
  "y": 462.15831476022714,
  "z": 12000
}