{
  "height": 250.12869365159247,
  "tabOrder": 2000,
  "width": 510,
  "x": 0.44070768168987895,
  "y": 212.0296211086347,
  "z": 13000
}