{
  "height": 248.47221223668129,
  "tabOrder": 2000,
  "width": 500.25738730318494,
  "x": 765.29441368897835,
  "y": 462.15831476022714,
  "z": 11000
}