{
  "height": 175,
  "tabOrder": 22000,
  "width": 410.94736842105266,
  "x": 855.578947368421,
  "y": 350,
  "z": 14000
}