{
  "name": "fee56f498ce04a48ab01",
  "layouts": [
    {
      "id": 0,
      "position": {
        "x": 65.6842105263158,
        "y": 306.5263157894737,
        "z": 13000,
        "width": 299.78947368421052,
        "height": 200.42105263157896,
        "tabOrder": 13000
      }
    }
  ],
  "singleVisualGroup": {
    "displayName": "Group 6",
    "groupMode": 0
  }
}