{
  "height": 69.93083911403501,
  "width": 15.804184927979385,
  "x": 392.3652311453763,
  "y": 54.9123589043352,
  "z": 5000
}