{
  "height": 88.037993188409231,
  "tabOrder": 35,
  "width": 124.28893156010716,
  "x": 708.40354288721608,
  "y": 594.77401705544276,
  "z": 25
}