{
  "height": 139.82504800512055,
  "tabOrder": 11000,
  "width": 602.6718504294779,
  "x": 666.11099257994931,
  "y": 227.8630411935298,
  "z": 13000
}