{
  "height": 51.095983950772236,
  "width": 94.229375493814331,
  "x": 207.60428317794785,
  "y": 55.111590043310656,
  "z": 8000
}