{
  "height": 170.10526315789474,
  "tabOrder": 15000,
  "width": 392.42105263157896,
  "x": 469.89473684210526,
  "y": 527.15789473684208,
  "z": 8000
}