{
  "height": 170.10526315789474,
<<<<<<<< HEAD:Dashboard/Report/sections/008_VISITAS/visualContainers/14000_Group 4/visualContainer.json
  "tabOrder": 14000,
========
  "tabOrder": 15000,
>>>>>>>> origin/main:Dashboard/Report/sections/008_VISITAS/visualContainers/15000_Group 4/visualContainer.json
  "width": 392.42105263157896,
  "x": 469.89473684210526,
  "y": 527.15789473684208,
  "z": 8000
}