{
  "name": "3a36332de720ca7400bc",
  "layouts": [
    {
      "id": 0,
      "position": {
        "x": 575.55555555555554,
        "y": 221.11111111111111,
        "z": 18000,
        "width": 330,
        "height": 230,
        "tabOrder": 14000
      }
    }
  ],
  "singleVisualGroup": {
    "displayName": "Group 6",
    "groupMode": 0
  }
}