{
  "height": 89.6,
  "tabOrder": 16000,
  "width": 181.02857142857144,
  "x": 745.14285714285711,
  "y": 230.4,
  "z": 5000
}