{
  "height": 93.814432989690729,
  "width": 252.57731958762886,
  "x": 0,
  "y": 0,
  "z": 14000
}