{
  "height": 70.069513406156887,
  "tabOrder": 3000,
  "width": 260.9459507480189,
  "x": 353.53967520699342,
  "y": 0.10536768933256974,
  "z": 3000
}