{
  "height": 211.88321238550648,
  "width": 855.59844323595883,
  "x": 11.900833039287795,
  "y": 12.021742546695403,
  "z": 17001
}