{
  "height": 227.12790532311388,
  "width": 483.37422716049446,
  "x": 12.93292301357144,
  "y": 10.350704829369828,
  "z": 18004
}