{
  "height": 102.0618556701031,
  "tabOrder": 1000,
  "width": 516.01159793814429,
  "x": 9.37101445424579,
  "y": 0,
  "z": 17000
}