{
  "height": 70.360824742268079,
  "tabOrder": 2000,
  "width": 15.824921778280709,
  "x": 204.5634888539835,
  "y": 55.250000000028834,
  "z": 4000
}