{
  "height": 71.228700841181961,
  "tabOrder": 19000,
  "width": 190.49536271478897,
  "x": 190.495362714789,
  "y": 0,
  "z": 19000
}