{
  "height": 126.80233918128654,
  "width": 335.1909184726523,
  "x": 4.7667554503135428,
  "y": 0,
  "z": 13000
}