{
  "height": 147.37126152462335,
  "width": 334.9346852832349,
  "x": 4.7631115539998481,
  "y": 0,
  "z": 13000
}