{
  "height": 141.72700775367062,
  "width": 429.68348532318907,
  "x": 0.31651467681099671,
  "y": 0,
  "z": 0
}