{
  "name": "fee56f498ce04a48ab01",
  "layouts": [
    {
      "id": 0,
      "position": {
        "x": 341.89473684210526,
        "y": 343.57894736842104,
        "z": 10000,
        "width": 261.05263157894734,
        "height": 163.36842105263159,
        "tabOrder": 17000
      }
    }
  ],
  "singleVisualGroup": {
    "displayName": "Group 6",
    "groupMode": 0
  }
}