{
  "height": 69.05263157894737,
  "tabOrder": 8000,
  "width": 139.78947368421052,
  "x": 842.87518796992481,
  "y": 0.048120300751875789,
  "z": 9000
}