{
  "height": 71.68623063003264,
  "tabOrder": 25014,
  "width": 220.07843259773989,
  "x": 759.59327515029634,
  "y": 0,
  "z": 22000
}