{
  "height": 13.333333333333332,
  "width": 126.66666666666666,
  "x": 817.77777777777771,
  "y": 47.777777777777779,
  "z": 16000
}