{
  "height": 106.18556701030928,
  "tabOrder": 8000,
  "width": 573.19587628865986,
  "x": 4.1237111457218782,
  "y": 43.959140486865564,
  "z": 3000
}