{
  "height": 21.637285679787489,
  "tabOrder": 6000,
  "width": 247.90147307413667,
  "x": 516.20381550350157,
  "y": 17.928036706109634,
  "z": 7000
}