{
  "height": 124.23610611834064,
  "tabOrder": 10000,
  "width": 155.70925300165359,
  "x": 684.12682435832915,
  "y": 521.79164569703073,
  "z": 12000
}