{
  "name": "533c93d1ddb60d0b3bef",
  "layouts": [
    {
      "id": 0,
      "position": {
        "x": 469.89473684210526,
        "y": 527.15789473684208,
        "z": 20000,
        "width": 392.42105263157896,
        "height": 170.10526315789474,
        "tabOrder": 18000
      }
    }
  ],
  "singleVisualGroup": {
    "displayName": "Group 4",
    "groupMode": 0
  }
}