{
  "height": 140,
  "tabOrder": 4000,
  "width": 591.62521130161792,
  "x": 678.79256218304749,
  "y": 254.70176285921275,
  "z": 4000
}