{
  "height": 78.464909127373048,
  "tabOrder": 2000,
  "width": 174.52288939963316,
  "x": 406.51063262597478,
  "y": 52.283663884410714,
  "z": 39000
}