{
  "name": "d0454e2c4182f2d7f3fd",
  "layouts": [
    {
      "id": 0,
      "position": {
        "height": 109.47368421052634,
        "width": 186.83318465655668,
        "x": 0,
        "y": 0,
        "z": 1000
      }
    }
  ],
  "singleVisualGroup": {
    "displayName": "Group 5",
    "groupMode": 0
  },
  "parentGroupName": "a0d9cf9b0bc9f6a0fa00"
}