{
  "height": 112.85714285714286,
  "width": 171.42857142857144,
  "x": 0,
  "y": 0,
  "z": 1000
}