{
  "height": 97.131058732138115,
  "width": 269.6224216530041,
  "x": 0,
  "y": 80.680012150866972,
  "z": 1000
}