{
  "height": 293.64887708283021,
  "tabOrder": 5000,
  "width": 599.66191741125328,
  "x": 64.29364887708283,
  "y": 413.58126056508087,
  "z": 5000
}