{
  "height": 251.85411606865571,
  "tabOrder": 1000,
  "width": 581.98694706308913,
  "x": 0,
  "y": 0,
  "z": 5000
}