{
  "height": 91.586901763224176,
  "tabOrder": 9000,
  "width": 152.34256926952139,
  "x": 83.4256926952141,
  "y": 447.05289672544075,
  "z": 9000
}