{
  "height": 32.963855421686745,
  "width": 579.62337662337666,
  "x": 0,
  "y": 0.27308461084133789,
  "z": 22000
}