{
  "height": 197.47868847820985,
  "width": 167.32922130971212,
  "x": 11.011651187763588,
  "y": 12.976496853406843,
  "z": 13000
}