{
  "height": 170,
  "tabOrder": 23000,
  "width": 409.26315789473682,
  "x": 857.26315789473688,
  "y": 535,
  "z": 9000
}