{
  "name": "28fb22edd602ae8d5904",
  "layouts": [
    {
      "id": 0,
      "position": {
        "x": 9.9388884894672511,
        "y": 212.0296211086347,
        "z": 13000,
        "width": 500.25738730318494,
        "height": 250.12869365159247,
        "tabOrder": 4000
      }
    }
  ],
  "singleVisualGroup": {
    "displayName": "Group 6",
    "groupMode": 0
  }
}