{
  "height": 250.12869365159247,
  "tabOrder": 4000,
  "width": 500.25738730318494,
  "x": 9.9388884894672511,
  "y": 212.0296211086347,
  "z": 13000
}