{
  "height": 72.9445296568367,
  "tabOrder": 25013,
  "width": 189.13046997026478,
  "x": 0,
  "y": 0,
  "z": 18000
}