{
  "height": 150.73980875691998,
  "tabOrder": 2000,
  "width": 450.56294485584868,
  "x": 1,
  "y": 556,
  "z": 13000
}