{
  "height": 150.73980875691998,
  "tabOrder": 2000,
  "width": 450.56294485584868,
  "x": 9.9388881835713541,
  "y": 556.23613511550786,
  "z": 13000
}