{
  "height": 165.32397085304191,
  "tabOrder": 1000,
  "width": 293.62806930426149,
  "x": 0,
  "y": 0,
  "z": 13500
}