{
  "height": 188.80182805221841,
  "tabOrder": 1000,
  "width": 293.64331723027374,
  "x": 0,
  "y": 0,
  "z": 13500
}