{
  "height": 108.29100347545769,
  "tabOrder": 1000,
  "width": 194.39814814814815,
  "x": 195.26298163581077,
  "y": 33.708996524542258,
  "z": 21000
}