{
  "height": 220.31202818319079,
  "width": 866.339779998562,
  "x": 0,
  "y": 0,
  "z": 10000
}