{
  "height": 211.19612068965517,
  "tabOrder": 1000,
  "width": 848.75,
  "x": 11.805575526637426,
  "y": 11.982758620689655,
  "z": 17001
}