{
  "height": 90,
  "width": 159.21315506377749,
  "x": 0.78684493622252694,
  "y": 0,
  "z": 15000
}