{
  "name": "28fb22edd602ae8d5904",
  "layouts": [
    {
      "id": 0,
      "position": {
        "x": 9.9388884894672511,
        "y": 225.28147242792434,
        "z": 13000,
        "width": 485.34905456898412,
        "height": 225.28147242792434,
        "tabOrder": 12000
      }
    }
  ],
  "singleVisualGroup": {
    "displayName": "Group 6",
    "groupMode": 0
  }
}