{
  "height": 104,
  "tabOrder": 1000,
  "width": 200.66666666666666,
  "x": 842,
  "y": 521.33333333333337,
  "z": 6000
}