{
  "height": 224.8229877294132,
  "width": 249.34140019304229,
  "x": 0.014160408611641789,
  "y": 0,
  "z": 2000
}