{
  "height": 184.31060543305017,
  "tabOrder": 1000,
  "width": 261.76794044162722,
  "x": 0,
  "y": 0,
  "z": 0
}