{
  "height": 113.42465753424659,
  "id": 3701523234,
  "width": 139.72602739726028,
  "x": 0,
  "y": 0,
  "z": 4000
}