{
  "height": 82.802249297094676,
  "width": 251.48146602696443,
  "x": 0,
  "y": 4.3695609929984753,
  "z": 15000
}