{
  "name": "6ee501528095ca79c810",
  "layouts": [
    {
      "id": 0,
      "position": {
        "x": 0,
        "y": 0,
        "z": 5000,
        "width": 294.96218802694489,
        "height": 165.5990746751784,
        "tabOrder": 1000
      }
    }
  ],
  "singleVisualGroup": {
    "displayName": "Group 1",
    "groupMode": 0
  },
  "parentGroupName": "4a43da7d1d2d8669e3e3"
}