{
  "name": "62f942732d94f83d02b7",
  "layouts": [
    {
      "id": 0,
      "position": {
        "x": 926.09440480814442,
        "y": 360.0547866794775,
        "z": 7000,
        "width": 341.63337898889955,
        "height": 144.021914671791,
        "tabOrder": 16000
      }
    }
  ],
  "singleVisualGroup": {
    "displayName": "Group 3",
    "groupMode": 0
  }
}