{
  "height": 144.021914671791,
  "tabOrder": 16000,
  "width": 341.63337898889955,
  "x": 926.09440480814442,
  "y": 360.0547866794775,
  "z": 7000
}