{
  "height": 69.162368354540163,
  "width": 15.798394187607016,
  "x": 392.22146636439822,
  "y": 54.308926388902968,
  "z": 5000
}