{
  "height": 250.12869365159247,
  "tabOrder": 9000,
  "width": 275,
  "x": 989.11487782167387,
  "y": 212.0296211086347,
  "z": 14000
}