{
  "height": 93.223306435052379,
  "tabOrder": 4000,
  "width": 755.35552519951091,
  "x": 0,
  "y": 0,
  "z": 1000
}