{
  "height": 91.552575410716713,
  "tabOrder": 4000,
  "width": 755.45454545454538,
  "x": 0,
  "y": 0,
  "z": 0
}