{
  "height": 105.45454545454542,
  "tabOrder": 4000,
  "width": 781.81818181818187,
  "x": 0,
  "y": 0,
  "z": 1000
}