{
  "height": 109.4658926399907,
  "tabOrder": 1000,
  "width": 139.47773438815713,
  "x": 0,
  "y": 0.53410736000930659,
  "z": 13001
}