{
  "height": 78.94736842105263,
  "tabOrder": 2000,
  "width": 177.5257731958763,
  "x": 218.659793814433,
  "y": 52.7649111300808,
  "z": 36500
}