{
  "height": 78.94736842105263,
  "tabOrder": 2000,
  "width": 177.5257731958763,
  "x": 218.35748068548818,
  "y": 46.171417978847138,
  "z": 36500
}