{
  "height": 78.94736842105263,
  "tabOrder": 2000,
  "width": 174.70790378006873,
  "x": 215.18900343642613,
  "y": 52.7649111300808,
  "z": 36500
}