{
  "name": "6347e2419689a64295ea",
  "layouts": [
    {
      "id": 0,
      "position": {
        "x": 66.666666666666671,
        "y": 158.33333333333334,
        "z": 15000,
        "width": 138.33333333333334,
        "height": 140,
        "tabOrder": 18000
      }
    }
  ],
  "singleVisualGroup": {
    "displayName": "Group 2",
    "groupMode": 0
  }
}