{
  "height": 140,
  "tabOrder": 18000,
  "width": 138.33333333333334,
  "x": 66.666666666666671,
  "y": 158.33333333333334,
  "z": 15000
}