{
  "height": 140.1081081081081,
  "tabOrder": 17011,
  "width": 591.56756756756761,
  "x": 678.05405405405406,
  "y": 408.2162162162162,
  "z": 17002
}