{
  "height": 251.54459753444524,
  "tabOrder": 11000,
  "width": 581.98694706308913,
  "x": 65.831777002180985,
  "y": 238.54967367657721,
  "z": 11000
}