{
  "name": "7cbe34f1a5b807ed85e8",
  "layouts": [
    {
      "id": 0,
      "position": {
        "x": 65.6842105263158,
        "y": 286.31578947368422,
        "z": 8000,
        "width": 350,
        "height": 200,
        "tabOrder": 16000
      }
    }
  ],
  "singleVisualGroup": {
    "displayName": "Group 2",
    "groupMode": 0
  }
}