{
  "height": 200,
  "tabOrder": 16000,
  "width": 350,
  "x": 65.6842105263158,
  "y": 286.31578947368422,
  "z": 8000
}