{
  "height": 230.25091667265798,
  "width": 185.52591847005536,
  "x": 0,
  "y": 0,
  "z": 0
}