{
  "height": 72.421052631578945,
  "tabOrder": 25020,
  "width": 190.31578947368422,
  "x": 1056,
  "y": 85.89473684210526,
  "z": 22014
}