{
  "height": 139.90368077055385,
  "width": 335.85082143470322,
  "x": 0.4496343798420146,
  "y": 0,
  "z": 4000
}