{
  "height": 71.68623063003264,
  "tabOrder": 5000,
  "width": 979.59723381851143,
  "x": 0.0744739295248667,
  "y": 0,
  "z": 0
}