{
  "height": 154.44444444444443,
  "width": 134.44444444444443,
  "x": 7.8463421719116671,
  "y": 9.9619668133795845,
  "z": 4000
}