{
  "name": "66a72f24e928600cb72b",
  "layouts": [
    {
      "id": 0,
      "position": {
        "x": 65.6842105263158,
        "y": 242.52631578947367,
        "z": 12000,
        "width": 139.78947368421052,
        "height": 139.78947368421052,
        "tabOrder": 13000
      }
    }
  ],
  "singleVisualGroup": {
    "displayName": "Group 2",
    "groupMode": 0
  }
}