{
  "height": 248.47221223668129,
  "width": 480.37961032425051,
  "x": 0,
  "y": 0,
  "z": 8000
}