{
  "height": 248.47221223668129,
  "width": 501.91386871809624,
  "x": 0,
  "y": 0,
  "z": 8000
}