{
  "height": 140,
  "tabOrder": 2000,
  "width": 1202.2857142857142,
  "x": 0.075576036866351615,
  "y": 0.057142857142864045,
  "z": 1000
}