{
  "name": "74bb4b68cfc3b786e48f",
  "layouts": [
    {
      "id": 0,
      "position": {
        "x": 928.155796778723,
        "y": 200.83479187042897,
        "z": 14000,
        "width": 341.63337898889955,
        "height": 150.7206083774557,
        "tabOrder": 20000
      }
    }
  ],
  "singleVisualGroup": {
    "displayName": "Group 2",
    "groupMode": 0
  }
}