{
  "height": 150.7206083774557,
  "tabOrder": 20000,
  "width": 341.63337898889955,
  "x": 928.155796778723,
  "y": 200.83479187042897,
  "z": 14000
}