{
  "height": 46.0273972603,
  "id": 3701583239,
  "width": 294.2465753425,
  "x": 899.1780821918,
  "y": 203.8356164384,
  "z": 11000
}