{
  "height": 165.64814149112081,
  "tabOrder": 1000,
  "width": 457.18887051549348,
  "x": 0,
  "y": 0,
  "z": 0
}