{
  "height": 69.230769230769226,
  "width": 135,
  "x": 161.66666666666669,
  "y": 62.637362637362635,
  "z": 4000
}