{
  "height": 169.85925487876989,
  "tabOrder": 1000,
  "width": 390.9362880886423,
  "x": 0,
  "y": 0.45239503252517305,
  "z": 0
}