{
  "height": 113.42465753424659,
  "id": 3701523229,
  "tabOrder": 1000,
  "width": 139.72602739726028,
  "x": 161.77031811845353,
  "y": 0.1154441065955325,
  "z": 8000
}