{
  "height": 230,
  "tabOrder": 10000,
  "width": 330,
  "x": 575.55555555555554,
  "y": 221.11111111111111,
  "z": 18000
}