{
  "height": 139.71504467519921,
  "tabOrder": 6,
  "width": 139.71504467519921,
  "x": 220.08210577155276,
  "y": 254.70176285921275,
  "z": 3
}