{
  "height": 38.972108191060812,
  "tabOrder": 2,
  "width": 333.14866679455207,
  "x": 0,
  "y": 0,
  "z": 1000
}