{
  "name": "84b6af45b29807cd602c",
  "layouts": [
    {
      "id": 0,
      "position": {
        "height": 159.65217391304347,
        "width": 150.73980875691998,
        "x": 0,
        "y": 0,
        "z": 2000,
        "tabOrder": 1000
      }
    }
  ],
  "singleVisualGroup": {
    "displayName": "Group 8",
    "groupMode": 0
  },
  "parentGroupName": "5865e8f3ca5dee30b9e7"
}