{
  "height": 159.65217391304347,
  "tabOrder": 1000,
  "width": 150.73980875691998,
  "x": 0,
  "y": 0,
  "z": 2000
}