{
  "name": "cae66d4a6af6fc205d67",
  "layouts": [
    {
      "id": 0,
      "position": {
        "x": 976.84210526315792,
        "y": 235,
        "z": 8000,
        "width": 288,
        "height": 183.57894736842104,
        "tabOrder": 15000
      }
    }
  ],
  "singleVisualGroup": {
    "displayName": "Group 2",
    "groupMode": 0
  }
}