{
  "height": 185.26315789473685,
  "tabOrder": 15000,
  "width": 261.05263157894734,
  "x": 397.4736842105263,
  "y": 235,
  "z": 13000
}