{
  "height": 184.54368932038832,
  "tabOrder": 15000,
  "width": 256.31067961165047,
  "x": 650.56310679611647,
  "y": 244.19417475728153,
  "z": 15000
}