{
  "height": 184.54368932038832,
  "tabOrder": 15000,
  "width": 243.26213592233009,
  "x": 397.04854368932035,
  "y": 242.33009708737862,
  "z": 15000
}