{
  "height": 139.78947368421052,
  "tabOrder": 17010,
  "width": 139.78947368421052,
  "x": 0,
  "y": 0,
  "z": 0
}