{
  "height": 112.64073621396217,
  "width": 139.14443885254153,
  "x": 0,
  "y": 0,
  "z": 13003
}