{
  "height": 140.80092026745271,
  "tabOrder": 4000,
  "width": 600,
  "x": 1.4230917681367217,
  "y": 299.82313609892879,
  "z": 21000
}