{
  "height": 79.3367414510105,
  "width": 168.831399197247,
  "x": 221.79811267089312,
  "y": 51.568881943156832,
  "z": 41000
}