{
  "height": 72.4850004883048,
  "width": 158.70210609484519,
  "x": 128.46696696685547,
  "y": 49.180766650242262,
  "z": 1000
}