{
  "height": 159.43262411347519,
  "tabOrder": 1000,
  "width": 900.69085631349787,
  "x": 0,
  "y": 0,
  "z": 17001
}