{
  "height": 160.06097560975607,
  "tabOrder": 1000,
  "width": 901.85006648936167,
  "x": 0,
  "y": 0,
  "z": 17002
}