{
  "height": 79.432794225146225,
  "tabOrder": 1000,
  "width": 174.80284729933177,
  "x": 409.29447172526454,
  "y": 55.60295595760234,
  "z": 42000
}