{
  "height": 79.432794225146225,
  "tabOrder": 1000,
  "width": 177.75870677645429,
  "x": 416.21550854974652,
  "y": 55.60295595760234,
  "z": 42000
}