{
  "height": 109.90187332738627,
  "tabOrder": 1000,
  "width": 150.33783783783781,
  "x": 0.10557432432432733,
  "y": 0.098126672613729926,
  "z": 0
}