{
  "height": 109.90187332738627,
  "tabOrder": 1000,
  "width": 155.29634898055949,
  "x": 0.10905642484590163,
  "y": 0.098126672613729926,
  "z": 0
}