{
  "height": 130.83142911781658,
  "tabOrder": 17003,
  "width": 288.70321178459307,
  "x": 311.25235450374305,
  "y": 0.40405664398082863,
  "z": 1000
}