{
  "height": 71.314285714285717,
  "tabOrder": 14014,
  "width": 363.8857142857143,
  "x": 0,
  "y": 0,
  "z": 6000
}