{
  "height": 87.0528967254408,
  "tabOrder": 3000,
  "width": 153.24937027707807,
  "x": 103.37531486146095,
  "y": 295.61712846347604,
  "z": 7000
}