{
  "height": 136.8131868131868,
  "tabOrder": 1000,
  "width": 322.61886619932955,
  "x": 0,
  "y": 0,
  "z": 0
}