{
  "height": 64.207977863941991,
  "width": 11.410316984817253,
  "x": 150.61618419958771,
  "y": 64.207977863942,
  "z": 2000
}