{
  "height": 80.921052631578974,
  "tabOrder": 2000,
  "width": 177.47401487943353,
  "x": 220.76035997197823,
  "y": 52.605141852450011,
  "z": 39500
}