{
  "height": 80.921052631578974,
  "tabOrder": 2000,
  "width": 174.85521556793222,
  "x": 217.50282912108639,
  "y": 52.605141852450011,
  "z": 39500
}