{
  "height": 143.27455919395464,
  "tabOrder": 21000,
  "width": 590.32745591939545,
  "x": 679.19395465994955,
  "y": 249.37027707808562,
  "z": 20000
}