{
  "height": 139.71504467519921,
  "tabOrder": 5000,
  "width": 139.71504467519921,
  "x": 220.08210577155276,
  "y": 254.70176285921275,
  "z": 5000
}