{
  "height": 199.70486965076239,
  "width": 266.96512183833175,
  "x": 0,
  "y": 0,
  "z": 5000
}