{
  "name": "cf5678c21c40bc197329",
  "layouts": [
    {
      "id": 0,
      "position": {
        "height": 146.28571428571428,
        "width": 1203.1999999999998,
        "x": 64.914285714285711,
        "y": 74.057142857142864,
<<<<<<< HEAD
        "z": 11000,
=======
        "z": 12000,
>>>>>>> 5004bbb15a2341a651a76195bf0014506650cc41
        "tabOrder": 15000
      }
    }
  ],
  "singleVisualGroup": {
    "displayName": "Group 1",
    "groupMode": 0
  }
}