{
  "name": "7ae5071d63882a22b640",
  "layouts": [
    {
      "id": 0,
      "position": {
        "x": 10,
        "y": 506.31236109465266,
        "z": 12000,
        "width": 415.77683514271331,
        "height": 200,
        "tabOrder": 3000
      }
    }
  ],
  "singleVisualGroup": {
    "displayName": "Group 6",
    "groupMode": 0
  }
}