{
  "height": 200,
  "tabOrder": 3000,
  "width": 415.77683514271331,
  "x": 10,
  "y": 506.31236109465266,
  "z": 12000
}