{
  "height": 249.62472959768974,
  "width": 356.244850791803,
  "x": 0,
  "y": 0,
  "z": 14000
}