{
  "height": 162.22222222222223,
  "tabOrder": 10000,
  "width": 142.22222222222223,
  "x": 10,
  "y": 221.11111111111111,
  "z": 9000
}