{
  "height": 139.52380952380952,
  "tabOrder": 18000,
  "width": 139.52380952380952,
  "x": 0,
  "y": 0.060141902692009808,
  "z": 18500
}