{
  "height": 183.5948360915626,
  "tabOrder": 1000,
  "width": 242.36505165235795,
  "x": 0,
  "y": 0,
  "z": 0
}