{
  "height": 140.1081081081081,
  "tabOrder": 17013,
  "width": 290.59459459459458,
  "x": 70.918918918918919,
  "y": 254.27027027027026,
  "z": 17005
}