{
  "height": 230.25091667265798,
  "tabOrder": 12000,
  "width": 202.09073261916743,
  "x": 195.4648069595226,
  "y": 490.31849881371772,
  "z": 10000
}