{
  "height": 244.76608696486531,
  "tabOrder": 1000,
  "width": 260.60298856750319,
  "x": 0,
  "y": 0,
  "z": 0
}