{
  "height": 249.72756170063957,
  "tabOrder": 1000,
  "width": 275.54201338984416,
  "x": 0,
  "y": 0,
  "z": 0
}