{
  "height": 139.71504467519921,
  "tabOrder": 14000,
  "width": 139.71504467519921,
  "x": 825.09808670884183,
  "y": 239.47788252356779,
  "z": 14000
}