{
  "height": 125.89258753325184,
  "tabOrder": 4000,
  "width": 376.02128118484433,
  "x": 841.492558774894,
  "y": 464.15790596180693,
  "z": 7000
}