{
  "name": "544d11178d431eb591d1",
  "layouts": [
    {
      "id": 0,
      "position": {
        "height": 139.78947368421052,
        "width": 601.26315789473688,
        "x": 64,
        "y": 567.578947368421,
        "z": 8000,
        "tabOrder": 11000
      }
    }
  ],
  "singleVisualGroup": {
    "displayName": "Group 5",
    "groupMode": 0
  }
}