{
  "height": 165.64814149112084,
  "tabOrder": 15000,
  "width": 394.24257674886763,
  "x": 0,
  "y": 149.08332734200877,
  "z": 1000
}