{
  "height": 59.966191741125328,
  "tabOrder": 25000,
  "width": 224.40956290751026,
  "x": 518.88819149141523,
  "y": 0,
  "z": 25000
}