{
  "height": 57.7319587628866,
  "tabOrder": 25000,
  "width": 109.27835051546393,
  "x": 518.5567010309278,
  "y": 0,
  "z": 25000
}