{
  "height": 13.251851319289669,
  "tabOrder": 5000,
  "width": 125.89258753325184,
  "x": 11.59536990437846,
  "y": 48.037961032425045,
  "z": 9000
}