{
  "height": 140.49483131034958,
  "width": 143.75977396742897,
  "x": 0,
  "y": 0,
  "z": 2000
}