{
  "height": 72.228571428571428,
  "tabOrder": 22011,
  "width": 140.8,
  "x": 842.05714285714282,
  "y": 0.914285714285711,
  "z": 4000
}