{
  "name": "6bfc25cd9784da99cb08",
  "layouts": [
    {
      "id": 0,
      "position": {
        "x": 115.93406922496386,
        "y": 178.95927077501568,
        "z": 2000,
        "width": 332.95276439715292,
        "height": 258.4111007261485,
        "tabOrder": 5000
      }
    }
  ],
  "singleVisualGroup": {
    "displayName": "Group 1",
    "groupMode": 0
  }
}