{
  "height": 111.15789473684211,
  "tabOrder": 16000,
  "width": 149.89473684210526,
  "x": 385.68421052631578,
  "y": 230,
  "z": 5000
}