{
  "height": 50.022496835264171,
  "id": 3701583238,
  "width": 278.220769166119,
  "x": 0.068108538964050419,
  "y": 0,
  "z": 12000
}