{
  "height": 46.0273972603,
  "id": 3701583238,
  "width": 279.4520547945,
  "x": 526.1643835616,
  "y": 213.8356164384,
  "z": 12000
}