{
  "height": 82.839893745472111,
  "tabOrder": 2000,
  "width": 103.24076310070031,
  "x": 302.92199951702486,
  "y": 296.12170973194878,
  "z": 8000
}