{
  "height": 50.074861144651045,
  "tabOrder": 4000,
  "width": 50.074861144651045,
  "x": 6,
  "y": 215.92328999196008,
  "z": 9000
}