{
  "height": 69.5876288659794,
  "tabOrder": 2000,
  "width": 15.828477461060181,
  "x": 392.96833376666234,
  "y": 54.64285714288566,
  "z": 5000
}