{
  "height": 69.5876288659794,
  "tabOrder": 2000,
  "width": 16.065539911513849,
  "x": 398.85380420325981,
  "y": 54.64285714288566,
  "z": 5000
}