{
  "height": 200,
  "tabOrder": 3000,
  "width": 291.36842105263156,
  "x": 976.84210526315792,
  "y": 330,
  "z": 4000
}