{
  "height": 150.9223090277778,
  "tabOrder": 3000,
  "width": 630.82663014570971,
  "x": 0,
  "y": 0,
  "z": 21000
}