{
  "height": 197.25997377358539,
  "tabOrder": 1000,
  "width": 357.25911201714541,
  "x": 0,
  "y": 62.80760836747438,
  "z": 4000
}