{
  "name": "9885a8d2001310406780",
  "layouts": [
    {
      "id": 0,
      "position": {
        "height": 150.00000000000006,
        "width": 620.47631647355911,
        "x": 0,
        "y": 0,
        "z": 23000,
        "tabOrder": 3000
      }
    }
  ],
  "singleVisualGroup": {
    "displayName": "Group 3",
    "groupMode": 0
  },
  "parentGroupName": "e783695f07e749b249de"
}