{
  "height": 194.26211746427623,
  "tabOrder": 23000,
  "width": 293.06784962283052,
  "x": 614.605147494736,
  "y": 316.51327759265695,
  "z": 16000
}