{
  "name": "2843394279bde24c46ba",
  "layouts": [
    {
      "id": 0,
      "position": {
        "height": 113.54010164084207,
        "width": 301.49634551571381,
        "x": 98.653281206667714,
        "y": 389.27008772691761,
        "z": 3000,
        "tabOrder": 5000
      }
    }
  ],
  "singleVisualGroup": {
    "displayName": "Group 5",
    "groupMode": 0
  }
}