{
  "height": 139.71504467519921,
  "tabOrder": 13000,
  "width": 139.71504467519921,
  "x": 669.30962981436483,
  "y": 239.47788252356779,
  "z": 13000
}