{
  "height": 221.04263907286338,
  "width": 258.10264545377805,
  "x": 8.622798590610449,
  "y": 16.873483898691738,
  "z": 3000
}