{
  "height": 216.65106346214426,
  "width": 244.10912853158524,
  "x": 8.1552974622038565,
  "y": 16.538249119247535,
  "z": 3000
}