{
  "name": "1b0190b990e7a20200db",
  "layouts": [
    {
      "id": 0,
      "position": {
        "x": 909.40829678625346,
        "y": 362.76942986555468,
        "z": 10000,
        "width": 362.76942986555468,
        "height": 344.54813430153138,
        "tabOrder": 14000
      }
    }
  ],
  "singleVisualGroup": {
    "displayName": "Group 8",
    "groupMode": 0
  }
}