{
  "height": 344.54813430153138,
  "tabOrder": 14000,
  "width": 362.76942986555468,
  "x": 909.40829678625346,
  "y": 362.76942986555468,
  "z": 10000
}