{
  "height": 230.72655157124302,
  "tabOrder": 1000,
  "width": 257.43055555555566,
  "x": 8.5445275241450389,
  "y": 9.8131781033507,
  "z": 13000
}