{
  "height": 90,
  "width": 160.25613781574518,
  "x": 0.37188150792630431,
  "y": 0.40000000000000568,
  "z": 10000
}