{
  "height": 92.72727272727272,
  "tabOrder": 12000,
  "width": 755.45454545454538,
  "x": 498.59379410367109,
  "y": 47.364699934570183,
  "z": 0
}