{
  "height": 105.45454545454544,
  "tabOrder": 12000,
  "width": 781.81818181818176,
  "x": 491.81818181818176,
  "y": 213.63636363636363,
  "z": 8000
}