{
  "height": 63.970300459480129,
  "tabOrder": 4000,
  "width": 270.13898914371993,
  "x": 785.95993960744852,
  "y": 23.988862672305046,
  "z": 3000
}