{
  "height": 64.145454545454555,
  "tabOrder": 4000,
  "width": 274.968,
  "x": 800.0097777777778,
  "y": 24.054545454545455,
  "z": 3000
}