{
  "height": 50.727272727272741,
  "tabOrder": 4000,
  "width": 271.08,
  "x": 788.69777777777767,
  "y": 19.022727272727273,
  "z": 3000
}