{
  "height": 228.34082572681385,
  "tabOrder": 1000,
  "width": 458.85852243200276,
  "x": 10.336682223182352,
  "y": 10.960359634887066,
  "z": 18004
}