{
  "height": 228.34082572681385,
  "tabOrder": 1000,
  "width": 479.42804240309255,
  "x": 10.800050736635356,
  "y": 10.960359634887066,
  "z": 18004
}