{
  "height": 87.090390721884759,
  "width": 267.01030927835052,
  "x": 0,
  "y": 0,
  "z": 4000
}