{
  "height": 225,
  "tabOrder": 1000,
  "width": 248.78439467713991,
  "x": 1.2156053228600867,
  "y": 0,
  "z": 0
}