{
  "name": "8ccf3ea2811921b83e0d",
  "layouts": [
    {
      "id": 0,
      "position": {
        "x": 566.51664389963332,
        "y": 462.15831476022714,
        "z": 14000,
        "width": 349.517578546265,
        "height": 250.12869365159247,
        "tabOrder": 9000
      }
    }
  ],
  "singleVisualGroup": {
    "displayName": "Group 12",
    "groupMode": 0
  }
}