{
  "height": 50.074861144651045,
  "tabOrder": 6000,
  "width": 50.074861144651045,
  "x": 6,
  "y": 274.03485724624647,
  "z": 11000
}