{
  "height": 114.97670831966268,
  "width": 180.79183231546665,
  "x": 0,
  "y": 4.602239048758344,
  "z": 11000
}