{
  "height": 109.90187332738627,
  "tabOrder": 1000,
  "width": 149.83164983164988,
  "x": 0.10521885521885825,
  "y": 0.098126672613729926,
  "z": 0
}