{
  "name": "d558939cda493f430195",
  "layouts": [
    {
      "id": 0,
      "position": {
        "x": 397.04854368932035,
        "y": 437.126213592233,
        "z": 16000,
        "width": 867.72815533980577,
        "height": 257.24271844660194,
        "tabOrder": 13000
      }
    }
  ],
  "singleVisualGroup": {
    "displayName": "Group 3",
    "groupMode": 0
  }
}