{
  "height": 66.818181818181813,
  "width": 142.72141302528041,
  "x": 166.87939122819319,
  "y": 64.6358919299795,
  "z": 3000
}