{
  "height": 79.432794225146225,
  "width": 174.80284729933177,
  "x": 29.844388563300541,
  "y": 55.60295595760234,
  "z": 41500
}