{
  "height": 79.8245614035088,
  "width": 174.80284729933177,
  "x": 29.844388563300537,
  "y": 55.877192982456144,
  "z": 41500
}