{
  "height": 79.432794225146225,
  "width": 177.75870677645429,
  "x": 30.349047498419019,
  "y": 55.60295595760234,
  "z": 41500
}