{
  "height": 198.64196509800672,
  "tabOrder": 1000,
  "width": 267.29123441605145,
  "x": 0.49823926815911773,
  "y": 0.54880968445429812,
  "z": 17004
}