{
  "height": 48.922211808809728,
  "tabOrder": 6000,
  "width": 15.474057961742693,
  "x": 384.41947420676411,
  "y": 41.303481931919904,
  "z": 6000
}