{
  "height": 48.711340206185561,
  "tabOrder": 6000,
  "width": 15.306122448979592,
  "x": 380.24747991304724,
  "y": 41.125449682213365,
  "z": 6000
}