{
  "height": 43.247925665745939,
  "tabOrder": 6000,
  "width": 14.950298484332336,
  "x": 371.40780374419438,
  "y": 36.51286093337432,
  "z": 6000
}