{
  "height": 42.472844262703624,
  "tabOrder": 6000,
  "width": 14.952258332800207,
  "x": 371.45649193700115,
  "y": 35.858484126956895,
  "z": 4000
}