{
  "height": 113.54010164084207,
  "tabOrder": 5000,
  "width": 301.49634551571381,
  "x": 98.653281206667714,
  "y": 389.27008772691761,
  "z": 3000
}