{
  "height": 183.09363892788929,
  "width": 154.67731640049911,
  "x": 0.62115612709378443,
  "y": 0.73533825904534988,
  "z": 13000
}