{
  "height": 184.51093487142512,
  "width": 160.99891107078039,
  "x": 0.646542507940226,
  "y": 0.74103038433039137,
  "z": 13000
}