{
  "height": 140.33325283747885,
  "tabOrder": 15000,
  "width": 602.7529582226515,
  "x": 667.04660709973427,
  "y": 411.1084279159623,
  "z": 14000
}