{
  "height": 116.7123287671,
  "id": 3701523231,
  "width": 170.9589041096,
  "x": 1038.904109589,
  "y": 535.5340466695,
  "z": 5000
}