{
  "height": 294.05405405405406,
  "tabOrder": 12000,
  "width": 537.94594594594594,
  "x": 717.83783783783781,
  "y": 413.40540540540542,
  "z": 11000
}