{
  "height": 234.8614609572,
  "id": 3700560272,
  "width": 1247.758186398,
  "x": 17.2292191436,
  "y": 465.1889168766,
  "z": 12000
}