{
  "height": 90.401785714285708,
  "width": 300.11432926829264,
  "x": 0,
  "y": 0,
  "z": 14000
}