{
  "height": 233.33333333333334,
  "tabOrder": 9000,
  "width": 281.66666666666669,
  "x": 490,
  "y": 220,
  "z": 9000
}