{
  "name": "62f942732d94f83d02b7",
  "layouts": [
    {
      "id": 0,
      "position": {
        "x": 877.47368421052636,
        "y": 527.15789473684208,
        "z": 10000,
        "width": 390.73684210526318,
        "height": 170.10526315789474,
        "tabOrder": 12000
      }
    }
  ],
  "singleVisualGroup": {
    "displayName": "Group 3",
    "groupMode": 0
  }
}