{
  "height": 170.10526315789474,
  "tabOrder": 12000,
  "width": 390.73684210526318,
  "x": 877.47368421052636,
  "y": 527.15789473684208,
  "z": 10000
}