{
  "height": 94.018035438398357,
  "tabOrder": 1000,
  "width": 280.41237113402065,
  "x": 0,
  "y": 0,
  "z": 2000
}