{
  "height": 48.661830656222762,
  "tabOrder": 7000,
  "width": 16.746559758898584,
  "x": 571.307934094712,
  "y": 41.567814191774687,
  "z": 9000
}