{
  "height": 43.017745052165949,
  "tabOrder": 7000,
  "width": 16.179729169958861,
  "x": 551.97054077864482,
  "y": 36.746534381540044,
  "z": 9000
}