{
  "height": 48.452081386152848,
  "tabOrder": 7000,
  "width": 16.564814149112085,
  "x": 565.107692949498,
  "y": 41.388642578879114,
  "z": 9000
}