{
  "height": 42.246788903923267,
  "tabOrder": 7000,
  "width": 16.1818501856334,
  "x": 552.04289910779721,
  "y": 36.087969722381253,
  "z": 7000
}