{
  "name": "e9adc71c3cc0140eaebc",
  "layouts": [
    {
      "id": 0,
      "position": {
        "x": 1.0633884383455665,
        "y": 318.99996555771384,
        "z": 9000,
        "width": 413.33333333333337,
        "height": 216.66666666666669,
        "tabOrder": 1000
      }
    }
  ],
  "singleVisualGroup": {
    "displayName": "Group 6",
    "groupMode": 0
  }
}