{
  "name": "89f8b4c0ed1601e97a93",
  "layouts": [
    {
      "id": 0,
      "position": {
        "height": 217.27272727272722,
        "width": 456.36363636363632,
        "x": 0,
        "y": 0,
        "z": 0,
        "tabOrder": 1000
      }
    }
  ],
  "singleVisualGroup": {
    "displayName": "Group 6",
    "groupMode": 0
  },
  "parentGroupName": "014ef9cce0ee63b47582"
}