{
  "height": 217.27272727272722,
  "tabOrder": 1000,
  "width": 456.36363636363632,
  "x": 0,
  "y": 0,
  "z": 0
}