{
  "height": 207.06017686390103,
  "tabOrder": 1000,
  "width": 455.53238910058235,
  "x": 0,
  "y": 0,
  "z": 0
}