{
  "height": 216.66666666666669,
  "tabOrder": 1000,
  "width": 458.33333333333337,
  "x": 0,
  "y": 0,
  "z": 0
}