{
  "height": 216.66666666666669,
  "tabOrder": 1000,
  "width": 413.33333333333337,
  "x": 1.0633884383455665,
  "y": 319,
  "z": 9000
}