{
  "height": 227.91511895410892,
  "width": 328.21551076875261,
  "x": 15.218221571762578,
  "y": 13.101732236313037,
  "z": 15000
}