{
  "height": 227.57728929117195,
  "width": 322.68378867714443,
  "x": 14.961734691339613,
  "y": 13.08231205126522,
  "z": 15000
}