{
  "height": 209.26338267243537,
  "width": 321.53134657472606,
  "x": 14.90829992458483,
  "y": 12.029534588231531,
  "z": 15000
}