{
  "height": 250.12869365159247,
  "tabOrder": 5000,
  "width": 500.25738730318494,
  "x": 511.8527572075634,
  "y": 212.0296211086347,
  "z": 9000
}