{
  "height": 72.328767123287676,
  "id": 3701523230,
  "tabOrder": 7000,
  "width": 233.42465753424659,
  "x": 526.027397260274,
  "y": 98.63013698630138,
  "z": 7000
}