{
  "height": 171.78947368421052,
  "tabOrder": 2000,
  "width": 416,
  "x": 378.94736842105266,
  "y": 335.15789473684208,
  "z": 9000
}