{
  "height": 70.360824742268079,
  "width": 15.824921778280709,
  "x": 392.88005801552396,
  "y": 55.250000000028834,
  "z": 5000
}