{
  "height": 245.15924940685886,
  "tabOrder": 18000,
  "width": 263.38054497088217,
  "x": 437.31109353655904,
  "y": 462.15831476022714,
  "z": 19000
}