{
  "height": 57.7319587628866,
  "tabOrder": 20000,
  "width": 95.876288659793815,
  "x": 222.68041237113403,
  "y": 2.0618556701030997,
  "z": 20000
}