{
  "height": 233.33333333333334,
  "id": 3700560263,
  "tabOrder": 6000,
  "width": 281.66666666666669,
  "x": 490,
  "y": 220,
  "z": 3000
}