{
  "height": 140.210843373494,
  "width": 578.8094663124848,
  "x": 0.77490546046706743,
  "y": 0,
  "z": 4000
}