{
  "height": 70,
  "tabOrder": 6000,
  "width": 363.8857142857143,
  "x": 0.075576036866351615,
  "y": 0.057142857142864045,
  "z": 6000
}