{
  "height": 25.373134328358208,
  "width": 250,
  "x": 2.3621394580780888,
  "y": 99.502389311380412,
  "z": 1000
}