{
  "height": 63.00064836564566,
  "width": 127.66061043570114,
  "x": 145.81526913423096,
  "y": 54.858946309433769,
  "z": 1000
}