{
  "height": 69.3398300917832,
  "width": 124.39175575657896,
  "x": 157.30223951958379,
  "y": 59.421156642836323,
  "z": 4000
}