{
  "height": 64.285714285714263,
  "width": 11.887254901960786,
  "x": 156.91176470588238,
  "y": 64.285714285714278,
  "z": 2000
}