{
  "height": 58.923410330412977,
  "width": 11.875825687975892,
  "x": 156.76089908128179,
  "y": 58.923410330412985,
  "z": 2000
}