{
  "height": 57.7319587628866,
  "tabOrder": 24000,
  "width": 207.21649484536084,
  "x": 0,
  "y": 4.7507103455000177,
  "z": 24000
}