{
  "height": 57.7319587628866,
  "tabOrder": 24000,
  "width": 207.21649484536084,
  "x": 0,
  "y": 2.0618556701030997,
  "z": 24000
}