{
  "height": 111.15789473684211,
  "tabOrder": 10000,
  "width": 149.89473684210526,
  "x": 227.34118772268286,
  "y": 156.63157894736841,
  "z": 4000
}