{
  "height": 228.88888888888889,
  "tabOrder": 15000,
  "width": 274.44444444444446,
  "x": 988.88888888888891,
  "y": 221.11111111111111,
  "z": 14000
}