{
  "height": 230,
  "tabOrder": 13000,
  "width": 330,
  "x": 574.74219799700211,
  "y": 463.46268468783455,
  "z": 14000
}