{
  "height": 50.074861144651045,
  "tabOrder": 16000,
  "width": 50.074861144651045,
  "x": 6.8002897850760684,
  "y": 427.80004829751266,
  "z": 9000
}