{
  "name": "0ff850fb25e6a9a9d42d",
  "layouts": [
    {
      "id": 0,
      "position": {
        "x": 65.6842105263158,
        "y": 235,
        "z": 10000,
        "width": 139.78947368421052,
        "height": 185,
        "tabOrder": 11000
      }
    }
  ],
  "singleVisualGroup": {
    "displayName": "Group 2",
    "groupMode": 0
  }
}