{
  "name": "402d7ca55eb0550b1557",
  "layouts": [
    {
      "id": 0,
      "position": {
        "x": 254.74219799700219,
        "y": 463.46268468783455,
        "z": 16000,
        "width": 311.25,
        "height": 230,
        "tabOrder": 14000
      }
    }
  ],
  "singleVisualGroup": {
    "displayName": "Group 13",
    "groupMode": 0
  }
}