{
  "height": 70,
  "tabOrder": 3000,
  "width": 220.34285714285716,
  "x": 982.85714285714278,
  "y": 0,
  "z": 15000
}