{
  "height": 202.07974137931035,
  "tabOrder": 1000,
  "width": 847.13024809160311,
  "x": 11.78304580234995,
  "y": 11.465517241379311,
  "z": 17001
}