{
  "height": 187.54316342422388,
  "tabOrder": 1000,
  "width": 422.53700675096223,
  "x": 0,
  "y": 0,
  "z": 5000
}