{
  "height": 200.0460409858388,
  "tabOrder": 1000,
  "width": 432.03783885542174,
  "x": 0,
  "y": 0,
  "z": 5000
}