{
  "height": 200.0460409858388,
  "tabOrder": 1000,
  "width": 424.09638554216872,
  "x": 0,
  "y": 0,
  "z": 5000
}