{
  "height": 71.228700841181961,
  "id": 3700560267,
  "tabOrder": 1000,
  "width": 190.49536271478897,
  "x": 283.25832194981666,
  "y": 100,
  "z": 6000
}