{
  "height": 103.84615384615383,
  "width": 488.82126503400025,
  "x": 0,
  "y": 0,
  "z": 0
}