{
  "name": "165c44ab35040c91ce5d",
  "layouts": [
    {
      "id": 0,
      "position": {
        "height": 140,
        "width": 592.45714285714291,
        "x": 0.43641747356138139,
        "y": 0,
        "z": 0,
        "tabOrder": 0
      }
    }
  ],
  "singleVisualGroup": {
    "displayName": "Group 2",
    "groupMode": 0
  },
  "parentGroupName": "090b8c8c6b40c7ada7a4"
}