{
  "height": 70.069513406156887,
  "width": 102.62471127536335,
  "x": 926.21783163355963,
  "y": 0,
  "z": 2000
}