{
  "height": 137.35423343698585,
  "tabOrder": 1000,
  "width": 341.63337898889955,
  "x": 0,
  "y": 5.0467482711501557,
  "z": 12500
}