{
  "height": 240.84210526315789,
  "tabOrder": 17000,
  "width": 290,
  "x": 64,
  "y": 225.68421052631578,
  "z": 15000
}