{
  "height": 88.685331373618126,
  "tabOrder": 2000,
  "width": 128.1729606713605,
  "x": 76.3859058546492,
  "y": 253.75656860188545,
  "z": 11000
}