{
  "height": 88.95348837209302,
  "tabOrder": 1000,
  "width": 285,
  "x": 0,
  "y": 1.0465116279069731,
  "z": 500
}