{
  "height": 165.5990746751784,
  "tabOrder": 2000,
  "width": 294.96218802694489,
  "x": 904.384604455145,
  "y": 212.0296211086347,
  "z": 7000
}