{
  "name": "ea3078fa3ac084221110",
  "layouts": [
    {
      "id": 0,
      "position": {
        "x": 530.07405277158671,
        "y": 208.71665827881228,
        "z": 6000,
        "width": 278.28887770508305,
        "height": 150.73980875691998,
        "tabOrder": 7000
      }
    }
  ],
  "singleVisualGroup": {
    "displayName": "Group 9",
    "groupMode": 0
  }
}