{
  "name": "9934dd656194513af15f",
  "layouts": [
    {
      "id": 0,
      "position": {
        "x": 65.6842105263158,
        "y": 220.63157894736841,
        "z": 6000,
        "width": 264.42105263157896,
        "height": 284.63157894736844,
        "tabOrder": 21000
      }
    }
  ],
  "singleVisualGroup": {
    "displayName": "Group 2",
    "groupMode": 0
  }
}