{
  "height": 284.63157894736844,
  "tabOrder": 21000,
  "width": 264.42105263157896,
  "x": 65.6842105263158,
  "y": 220.63157894736841,
  "z": 6000
}