{
  "name": "f8dbe5a149c59c21e9d0",
  "layouts": [
    {
      "id": 0,
      "position": {
        "x": 397.04854368932035,
        "y": 242.33009708737862,
        "z": 14000,
        "width": 243.26213592233009,
        "height": 184.54368932038832,
        "tabOrder": 14000
      }
    }
  ],
  "singleVisualGroup": {
    "displayName": "Group 2",
    "groupMode": 0
  }
}