{
  "height": 185.26315789473685,
  "tabOrder": 14000,
  "width": 282.94736842105266,
  "x": 670.31578947368416,
  "y": 235,
  "z": 7000
}