{
  "height": 257.68421052631578,
  "tabOrder": 14000,
  "width": 313.26315789473682,
  "x": 65.6842105263158,
  "y": 437.89473684210526,
  "z": 12000
}