{
  "height": 184.31060543305017,
  "width": 281.90393586021395,
  "x": 1.1320752201184612,
  "y": 0.74022582388081959,
  "z": 13000
}