{
  "name": "7402775d29e961637dcc",
  "layouts": [
    {
      "id": 0,
      "position": {
        "x": 463.33333333333337,
        "y": 243.33333333333334,
        "z": 15000,
        "width": 140,
        "height": 110,
        "tabOrder": 15000
      }
    }
  ],
  "singleVisualGroup": {
    "displayName": "Group 4",
    "groupMode": 0
  }
}