{
  "name": "91bd49c86b71f134d0a4",
  "layouts": [
    {
      "id": 0,
      "position": {
        "x": 666.66666666666674,
        "y": 243.33333333333334,
        "z": 14000,
        "width": 338.33333333333337,
        "height": 110,
        "tabOrder": 15000
      }
    }
  ],
  "singleVisualGroup": {
    "displayName": "Group 4",
    "groupMode": 0
  }
}