{
  "height": 111.15789473684211,
  "tabOrder": 15000,
  "width": 207.15789473684211,
  "x": 1059.3684210526317,
  "y": 156.63157894736841,
  "z": 17000
}