{
  "height": 110,
  "tabOrder": 15000,
  "width": 338.33333333333337,
  "x": 666.66666666666674,
  "y": 243.33333333333334,
  "z": 14000
}