{
  "height": 90,
  "width": 160,
  "x": 0.20000000000004547,
  "y": 0.22857142857145618,
  "z": 18000
}