{
  "height": 137.75997132127603,
  "tabOrder": 16,
  "width": 597.51941159692853,
  "x": 0,
  "y": 0.34529183661874185,
  "z": 1000
}