{
  "height": 117.22411871780842,
  "width": 275.61486202712717,
  "x": 0,
  "y": 1.5629882495708236,
  "z": 0
}