{
  "height": 118.20201383926914,
  "width": 275.69519350226631,
  "x": 0,
  "y": 1.5760268511903002,
  "z": 0
}