{
  "height": 113.06620888767506,
  "width": 196.38885757698867,
  "x": 0,
  "y": 4.1983699837163089,
  "z": 0
}