{
  "height": 117.22411871780842,
  "width": 187.31908287472419,
  "x": 0,
  "y": 1.5629882495708236,
  "z": 0
}