{
  "height": 199.1487572621935,
  "tabOrder": 1000,
  "width": 147.62455865411675,
  "x": 12.82677839806701,
  "y": 11.142847132527464,
  "z": 13000
}