{
  "name": "5865e8f3ca5dee30b9e7",
  "layouts": [
    {
      "id": 0,
      "position": {
        "x": 2.4546074503675421,
        "y": 551.73024729080385,
        "z": 15000,
        "width": 151.11111111111111,
        "height": 160,
        "tabOrder": 5000
      }
    }
  ],
  "singleVisualGroup": {
    "displayName": "Group 11",
    "groupMode": 0
  }
}