{
  "height": 160,
  "tabOrder": 5000,
  "width": 151.11111111111111,
  "x": 2.4546074503675421,
  "y": 551.73024729080385,
  "z": 15000
}