{
  "height": 160,
  "tabOrder": 5000,
  "width": 151.11111111111111,
  "x": 9.9388517424692875,
  "y": 552.26482313440181,
  "z": 15000
}