{
  "height": 150.73980875691998,
  "tabOrder": 13000,
  "width": 619.524049176792,
  "x": 9.9728393286521122,
  "y": 551.63270251342715,
  "z": 12000
}