{
  "height": 66.98693705664698,
  "tabOrder": 1000,
  "width": 267.94774822658792,
  "x": 1.2505360287859673,
  "y": 0,
  "z": 0
}