{
  "height": 125.08789564550163,
  "width": 171.60299251870325,
  "x": 0,
  "y": 0.46621906771531485,
  "z": 3000
}