{
  "name": "e783695f07e749b249de",
  "layouts": [
    {
      "id": 0,
      "position": {
        "x": 644.36442205486912,
        "y": 231.60044046007653,
        "z": 13000,
        "width": 630,
        "height": 150,
        "tabOrder": 13000
      }
    }
  ],
  "singleVisualGroup": {
    "displayName": "Group 5",
    "groupMode": 0
  }
}