{
  "height": 150,
  "tabOrder": 13000,
  "width": 630,
  "x": 644.28571428571433,
  "y": 212.14285714285717,
  "z": 13000
}