{
  "height": 150,
  "tabOrder": 13000,
  "width": 630,
  "x": 644.36442205486912,
  "y": 231.60044046007653,
  "z": 13000
}