{
  "height": 278.28887770508305,
  "tabOrder": 6000,
  "width": 400.86850240851248,
  "x": 864.68329858365087,
  "y": 212.0296211086347,
  "z": 14000
}