{
  "name": "7c3c9740709520c66815",
  "layouts": [
    {
      "id": 0,
      "position": {
        "height": 140.19354838709677,
        "width": 1203.2755760368664,
        "x": 64.838709677419359,
        "y": 74,
        "z": 19000,
        "tabOrder": 12000
      }
    }
  ],
  "singleVisualGroup": {
    "displayName": "Group 1",
    "groupMode": 0
  }
}