{
  "height": 226.93795384283555,
  "width": 220.84565977994063,
  "x": 11.28408480627434,
  "y": 11.595369904378515,
  "z": 8000
}