{
  "height": 226.93795384283555,
  "width": 229.86577181208051,
  "x": 11.74496644295302,
  "y": 11.595369904378515,
  "z": 8000
}