{
  "name": "2733f2ce2324e5508867",
  "layouts": [
    {
      "id": 0,
      "position": {
        "height": 139.90368077055385,
        "width": 336.32308815181256,
        "x": 0.24774327426240125,
        "y": 0,
        "z": 0,
        "tabOrder": 2000
      }
    }
  ],
  "singleVisualGroup": {
    "displayName": "Group 2",
    "groupMode": 0
  },
  "parentGroupName": "8378ec6e93102fcd48f6"
}