{
  "height": 139.90368077055385,
  "tabOrder": 2000,
  "width": 336.32308815181256,
  "x": 0.24774327426240125,
  "y": 0,
  "z": 0
}