{
  "height": 334.6092458120641,
  "tabOrder": 15000,
  "width": 347.8610971313538,
  "x": 917.69070386080955,
  "y": 372.7083183550219,
  "z": 10000
}