{
  "height": 251.78517506650368,
  "tabOrder": 1000,
  "width": 235.22036091739162,
  "x": 0,
  "y": 0,
  "z": 0
}