{
  "height": 224.51526096888955,
  "tabOrder": 1000,
  "width": 249.00011382317081,
  "x": 0,
  "y": 0.096777568102151879,
  "z": 18500
}