{
  "height": 200.22857142857143,
  "tabOrder": 19000,
  "width": 302.62857142857143,
  "x": 340,
  "y": 330,
  "z": 13000
}