{
  "height": 366.31500497917312,
  "width": 340.85290652980638,
  "x": 16.578143539925513,
  "y": 8.1040135716980259,
  "z": 5000
}