{
  "height": 323.6835173307349,
  "width": 340.85290652980643,
  "x": 16.578143539925513,
  "y": 7.1608740611986876,
  "z": 1000
}