{
  "height": 371.05183694011072,
  "width": 354.48702279099859,
  "x": 17.241269281522538,
  "y": 8.2088068506423966,
  "z": 5000
}