{
  "height": 370.87814313346229,
  "width": 359.99222999222997,
  "x": 17.509027347980638,
  "y": 8.20496420988986,
  "z": 5000
}