{
  "height": 64.602775181537126,
  "width": 134.17499460780789,
  "x": 139.02177181268547,
  "y": 81.636939625865637,
  "z": 8002
}