{
  "height": 66.036113499570078,
  "tabOrder": 21000,
  "width": 299.36371453138435,
  "x": 955.37058497581313,
  "y": 0,
  "z": 3000
}