{
  "height": 110,
  "tabOrder": 11000,
  "width": 248.33333333333334,
  "x": 65,
  "y": 243.33333333333334,
  "z": 4000
}