{
  "height": 111.15789473684211,
  "tabOrder": 11000,
  "width": 150,
  "x": 67.368421052631575,
  "y": 156.63157894736841,
  "z": 3000
}