{
  "height": 234.86146095717882,
  "id": 3700560272,
  "tabOrder": 12000,
  "width": 1247.7581863979849,
  "x": 17.229219143576824,
  "y": 465.1889168765743,
  "z": 12000
}