{
  "name": "0f9091d9300562c7d1c0",
  "layouts": [
    {
      "id": 0,
      "position": {
        "x": 943.33333333333337,
        "y": 210.679012345679,
        "z": 12000,
        "width": 321.66666666666669,
        "height": 150
      }
    }
  ],
  "singleVisualGroup": {
    "displayName": "Group 6",
    "groupMode": 0
  }
}