{
  "height": 150,
  "width": 321.66666666666669,
  "x": 943.33333333333337,
  "y": 210.679012345679,
  "z": 12000
}