{
  "height": 233.33333333333334,
  "tabOrder": 9001,
  "width": 206.66666666666669,
  "x": 266.66666666666669,
  "y": 220,
  "z": 9001
}