{
  "height": 89.332669558827021,
  "tabOrder": 6000,
  "width": 115.87353515239157,
  "x": 441.227900739999,
  "y": 38.1460600033017,
  "z": 18000
}