{
  "height": 139.82504800512055,
  "tabOrder": 13000,
  "width": 150.18245896846281,
  "x": 229.80505574915645,
  "y": 229.15771756394756,
  "z": 14000
}