{
  "height": 87.793514990294057,
  "tabOrder": 14000,
  "width": 120.92314328851822,
  "x": 97.7324034797613,
  "y": 450.56294485584868,
  "z": 15000
}