{
  "height": 72.885182256093174,
  "id": 3700560270,
  "tabOrder": 10000,
  "width": 192.15184412970018,
  "x": 856.40089150909478,
  "y": 100,
  "z": 9000
}