{
  "height": 140.33325283747885,
  "tabOrder": 13,
  "width": 591.62521130161792,
  "x": 678.79256218304749,
  "y": 407.39917894228444,
  "z": 6
}