{
  "height": 129.68421052631578,
  "tabOrder": 17000,
  "width": 341.89473684210526,
  "x": 928,
  "y": 222.31578947368422,
  "z": 4000
}