{
  "height": 71.68623063003264,
  "tabOrder": 22012,
  "width": 979.59723381851143,
  "x": 11.546094069888355,
  "y": 12.686173960848592,
  "z": 0
}