{
  "height": 150.73980875691998,
  "width": 619.524049176792,
  "x": 0,
  "y": 0,
  "z": 24000
}