{
  "height": 89.332669558827021,
  "tabOrder": 7000,
  "width": 115.87353515239157,
  "x": 453.7428945276564,
  "y": 339.67587915911668,
  "z": 26000
}