{
  "name": "b55f8c8f054508ac4712",
  "layouts": [
    {
      "id": 0,
      "position": {
        "x": 1068.4305126177294,
        "y": 225.28147242792434,
        "z": 10000,
        "width": 195.4648069595226,
        "height": 225.28147242792434,
        "tabOrder": 14000
      }
    }
  ],
  "singleVisualGroup": {
    "displayName": "Group 4",
    "groupMode": 0
  }
}