{
  "height": 225.28147242792434,
  "tabOrder": 14000,
  "width": 195.4648069595226,
  "x": 1068.4305126177294,
  "y": 225.28147242792434,
  "z": 10000
}