{
  "height": 85.448640447573666,
  "tabOrder": 25008,
  "width": 129.46763704177829,
  "x": 916.19910033927022,
  "y": 597.36336979627833,
  "z": 22008
}