{
  "height": 159.08571428571429,
  "tabOrder": 20000,
  "width": 277.94285714285712,
  "x": 989.25714285714287,
  "y": 542.17142857142858,
  "z": 19000
}