{
  "height": 66.818181818181813,
  "width": 142.72141302528041,
  "x": 22.498426888665286,
  "y": 64.6358919299795,
  "z": 5000
}