{
  "height": 136.52422003347951,
  "tabOrder": 6000,
  "width": 323.01387590768564,
  "x": 102.15761572457097,
  "y": 212.5817978973235,
  "z": 5000
}