{
  "name": "6c67f9e7ba3b48cde85e",
  "layouts": [
    {
      "id": 0,
      "position": {
        "x": 713.17139843123107,
        "y": 212.0296211086347,
        "z": 11000,
        "width": 275,
        "height": 250.12869365159247,
        "tabOrder": 19000
      }
    }
  ],
  "singleVisualGroup": {
    "displayName": "Group 6",
    "groupMode": 0
  }
}