{
  "height": 248.47221223668129,
  "tabOrder": 1000,
  "width": 240.1898051621252,
  "x": 0,
  "y": 0,
  "z": 4000
}