{
  "height": 96.5437919214695,
  "tabOrder": 1000,
  "width": 258.76288659793818,
  "x": 0,
  "y": 1.3943524084274155,
  "z": 6000
}