{
  "height": 139.71504467519921,
  "tabOrder": 6000,
  "width": 288.70321178459307,
  "x": 375.25235450374305,
  "y": 254.70176285921275,
  "z": 6000
}