{
  "name": "fc8b34b03a64a0ca3209",
  "layouts": [
    {
      "id": 0,
      "position": {
        "x": 9.9387777099282744,
        "y": 210.71740349928743,
        "z": 11000,
        "width": 450.56294485584868,
        "height": 150.73980875691998,
        "tabOrder": 1000
      }
    }
  ],
  "singleVisualGroup": {
    "displayName": "Group 5",
    "groupMode": 0
  }
}