{
  "height": 150.73980875691998,
  "tabOrder": 1000,
  "width": 450.56294485584868,
  "x": 9.9387777099282744,
  "y": 210.71740349928743,
  "z": 11000
}