{
  "height": 150.73980875691998,
  "tabOrder": 1000,
  "width": 450.56294485584868,
  "x": 0.9998895263569203,
  "y": 210.48126838377956,
  "z": 11000
}