{
  "height": 64.602775181537126,
  "width": 12.095670000226413,
  "x": 159.66284400298861,
  "y": 64.60277518153714,
  "z": 2000
}