{
  "height": 58.500602053813815,
  "width": 11.035351407917123,
  "x": 145.66663858450596,
  "y": 58.500602053813829,
  "z": 2000
}