{
  "height": 91.274684114453692,
  "tabOrder": 13000,
  "width": 152.77181170929839,
  "x": 287.26896412445421,
  "y": 447.25570753624356,
  "z": 14000
}