{
  "height": 50.074861144651045,
  "tabOrder": 9000,
  "width": 50.074861144651045,
  "x": 6.1820816227964253,
  "y": 309.72228930210093,
  "z": 8000
}