{
  "name": "e731851e97604cebe5d8",
  "layouts": [
    {
      "id": 0,
      "position": {
        "height": 245.15924940685895,
        "width": 261.72406355597093,
        "x": 0,
        "y": 0,
        "z": 7000,
        "tabOrder": 1000
      }
    }
  ],
  "singleVisualGroup": {
    "displayName": "Group 8",
    "groupMode": 0
  },
  "parentGroupName": "b3732bf22b778d48e708"
}