{
  "name": "888b7ce0df2d773d7707",
  "layouts": [
    {
      "id": 0,
      "position": {
        "x": 894.31578947368416,
        "y": 230.73684210526315,
        "z": 7000,
        "width": 154.94736842105263,
        "height": 111.15789473684211,
        "tabOrder": 24000
      }
    }
  ],
  "singleVisualGroup": {
    "displayName": "Group 4",
    "groupMode": 0
  }
}