{
  "height": 111.15789473684211,
  "tabOrder": 24000,
  "width": 154.94736842105263,
  "x": 894.31578947368416,
  "y": 230.73684210526315,
  "z": 7000
}