{
  "height": 225.28147242792434,
  "width": 195.46480695952263,
  "x": 0,
  "y": 0,
  "z": 4000
}