{
  "height": 250.12869365159247,
  "width": 200.43425120425627,
  "x": 0,
  "y": 0,
  "z": 4000
}