{
  "height": 250.12869365159247,
  "width": 248.47221223668134,
  "x": 0,
  "y": 0,
  "z": 4000
}