{
  "height": 135.8314760227191,
  "tabOrder": 13000,
  "width": 299.82313609892873,
  "x": 621.18053059170313,
  "y": 223.62499101301316,
  "z": 13000
}