{
  "name": "94df74151000e4c1e892",
  "layouts": [
    {
      "id": 0,
      "position": {
        "x": 1016.6666666666667,
        "y": 243.33333333333334,
        "z": 16000,
        "width": 250,
        "height": 110
      }
    }
  ],
  "singleVisualGroup": {
    "displayName": "Group 4",
    "groupMode": 0
  }
}