{
  "height": 110,
  "width": 250,
  "x": 1016.6666666666667,
  "y": 243.33333333333334,
  "z": 16000
}