{
  "height": 56.861910108009752,
  "tabOrder": 1000,
  "width": 172.22222222222223,
  "x": 581.41975308641975,
  "y": 37.407407407407412,
  "z": 8000
}