{
  "height": 62.12496188584349,
  "tabOrder": 1000,
  "width": 168.05662557781204,
  "x": 568.23149350926315,
  "y": 27.332576005332204,
  "z": 6000
}