{
  "height": 63.258672223785545,
  "tabOrder": 1000,
  "width": 168.03459776684039,
  "x": 568.15701328044668,
  "y": 27.831364624901454,
  "z": 8000
}