{
  "height": 57.10806556302277,
  "tabOrder": 1000,
  "width": 174.11180773249743,
  "x": 587.79896667827711,
  "y": 37.5693442360109,
  "z": 8000
}