{
  "height": 40.706713780918726,
  "tabOrder": 22000,
  "width": 150,
  "x": 580.390075813752,
  "y": 0.77901977644023646,
  "z": 4000
}