{
  "height": 140.80092026745271,
  "tabOrder": 30000,
  "width": 602.95923502767994,
  "x": 53.007405277158675,
  "y": 554.92127399525486,
  "z": 29000
}