{
  "height": 200,
  "tabOrder": 8000,
  "width": 424.0592422172694,
  "x": 841.492558774894,
  "y": 308.44686076149469,
  "z": 13000
}