{
  "height": 200.22857142857143,
  "tabOrder": 23000,
  "width": 302.62857142857143,
  "x": 340,
  "y": 330,
  "z": 12000
}