{
  "height": 151.6199684359166,
  "width": 578.00771732778719,
  "x": 0,
  "y": 0.38003156408343236,
  "z": 1000
}