{
  "height": 106.97142857142858,
  "tabOrder": 1000,
  "width": 295.31428571428569,
  "x": 296.62807232235696,
  "y": 33.298237140787251,
  "z": 21000
}