{
  "height": 129.68421052631578,
  "tabOrder": 2000,
  "width": 362.10526315789474,
  "x": 917.89473684210532,
  "y": 590.31578947368416,
  "z": 2000
}