{
  "name": "34f0c3c555b910ada731",
  "layouts": [
    {
      "id": 0,
      "position": {
        "x": 76.3859058546492,
        "y": 86.743316817991456,
        "z": 10000,
        "width": 980.07001240626164,
        "height": 73.149214928604735,
        "tabOrder": 5000
      }
    }
  ],
  "singleVisualGroup": {
    "displayName": "Group 1",
    "groupMode": 0
  }
}