{
  "height": 251.78517506650368,
  "tabOrder": 1000,
  "width": 332.95276439715292,
  "x": 0,
  "y": 0,
  "z": 0
}