{
  "height": 149.08332734200883,
  "tabOrder": 2000,
  "width": 619.29705215419506,
  "x": 0,
  "y": 0,
  "z": 0
}