{
  "name": "014ef9cce0ee63b47582",
  "layouts": [
    {
      "id": 0,
      "position": {
        "x": 409.15090948306846,
        "y": 149.08332734200877,
        "z": 2000,
        "width": 457.18887051549348,
        "height": 165.64814149112081,
        "tabOrder": 11000
      }
    }
  ],
  "singleVisualGroup": {
    "displayName": "Group 7",
    "groupMode": 0,
    "isHidden": false
  },
  "parentGroupName": "49aecae09a19f58dc2eb"
}