{
  "height": 165.64814149112081,
  "tabOrder": 11000,
  "width": 457.18887051549348,
  "x": 409.15090948306846,
  "y": 149.08332734200877,
  "z": 2000
}