{
  "name": "d5bc8ea4eb353ada0a7c",
  "layouts": [
    {
      "id": 0,
      "position": {
        "x": 243.62745405933327,
        "y": 211.3322644865722,
        "z": 13000,
        "width": 319.70091307786322,
        "height": 250.12869365159247,
        "tabOrder": 13000
      }
    }
  ],
  "singleVisualGroup": {
    "displayName": "Group 10",
    "groupMode": 0
  }
}