{
  "height": 182.63505447456791,
  "tabOrder": 1000,
  "width": 286.9379347148606,
  "x": 0,
  "y": 0,
  "z": 0
}