{
  "height": 229.65475122987456,
  "tabOrder": 1000,
  "width": 311.29229304035573,
  "x": 0,
  "y": 0,
  "z": 0
}