{
  "height": 249.75323006960858,
  "tabOrder": 1000,
  "width": 319.74435443888672,
  "x": 0,
  "y": 0,
  "z": 0
}