{
  "height": 69.5722194263,
  "id": 3700560266,
  "width": 1280.4601337264,
  "x": 0,
  "y": 0,
  "z": 6000
}