{
  "height": 71.228700841181961,
  "id": 3700560268,
  "tabOrder": 9000,
  "width": 190.49536271478897,
  "x": 473.75368466460566,
  "y": 100,
  "z": 8000
}