{
  "height": 13.333333333333332,
  "width": 126.66666666666666,
  "x": 1136.6666666666667,
  "y": 43.333333333333336,
  "z": 20000
}