{
  "height": 50.074861144651045,
  "tabOrder": 13000,
  "width": 50.074861144651045,
  "x": 6.8002897850760684,
  "y": 369.07027288094662,
  "z": 13000
}