{
  "name": "b55f8c8f054508ac4712",
  "layouts": [
    {
      "id": 0,
      "position": {
        "x": 1017.0795887554821,
        "y": 212.0296211086347,
        "z": 10000,
        "width": 248.47221223668129,
        "height": 250.12869365159247,
        "tabOrder": 6000
      }
    }
  ],
  "singleVisualGroup": {
    "displayName": "Group 4",
    "groupMode": 0
  }
}