{
  "height": 250.12869365159247,
  "tabOrder": 6000,
  "width": 248.47221223668129,
  "x": 1017.0795887554821,
  "y": 212.0296211086347,
  "z": 10000
}