{
  "height": 139.82504800512055,
  "tabOrder": 8000,
  "width": 258.28793589834765,
  "x": 393.58161660700597,
  "y": 229.15771756394756,
  "z": 8000
}