{
  "height": 69.230769230769226,
  "width": 131.66666666666669,
  "x": 28.333333333333336,
  "y": 62.637362637362635,
  "z": 6000
}