{
  "height": 110,
  "tabOrder": 1000,
  "width": 149.44727891156467,
  "x": 0.60015324246414559,
  "y": 0.44178054993404559,
  "z": 13000
}