{
  "height": 52.420107320962885,
  "tabOrder": 10000,
  "width": 13.340196994751599,
  "x": 772.61974261269688,
  "y": 26.654291858116704,
  "z": 10000
}