{
  "height": 52.56363636363637,
  "tabOrder": 10000,
  "width": 13.578666666666665,
  "x": 786.43111111111114,
  "y": 26.727272727272712,
  "z": 10000
}