{
  "height": 41.56818181818182,
  "tabOrder": 10000,
  "width": 13.386666666666665,
  "x": 775.311111111111,
  "y": 21.136363636363622,
  "z": 10000
}