{
  "height": 140,
  "tabOrder": 3000,
  "width": 591.66666666666674,
  "x": 678.33333333333337,
  "y": 160,
  "z": 2000
}