{
  "height": 139.82504800512055,
  "tabOrder": 3000,
  "width": 1202.7543481181203,
  "x": 64.733818520889145,
  "y": 74.443891299022511,
  "z": 3000
}