{
  "name": "5fb70dfc04e1e68d03bc",
  "layouts": [
    {
      "id": 0,
      "position": {
        "x": 644.4052212396449,
        "y": 549.97622109851591,
        "z": 15000,
        "width": 619.524049176792,
        "height": 150.73980875691998,
        "tabOrder": 15000
      }
    }
  ],
  "singleVisualGroup": {
    "displayName": "Group 7",
    "groupMode": 0
  }
}