{
  "height": 150,
  "tabOrder": 15000,
  "width": 619.524049176792,
  "x": 644.37127040046,
  "y": 554,
  "z": 15000
}