{
  "height": 150.73980875691998,
  "tabOrder": 15000,
  "width": 619.524049176792,
  "x": 644.4052212396449,
  "y": 549.97622109851591,
  "z": 15000
}