{
  "height": 184.87767584097855,
  "tabOrder": 1000,
  "width": 261.09293558702234,
  "x": 0,
  "y": 2.6272456160288096,
  "z": 0
}