{
  "height": 159.60408839077334,
  "tabOrder": 1000,
  "width": 260.89663002476425,
  "x": 0,
  "y": 2.268089641529293,
  "z": 0
}