{
  "name": "2d13bc46c91013701d13",
  "layouts": [
    {
      "id": 0,
      "position": {
        "x": 511.8527572075634,
        "y": 225.28147242792434,
        "z": 9000,
        "width": 536.69997843123156,
        "height": 225.28147242792434,
        "tabOrder": 13000
      }
    }
  ],
  "singleVisualGroup": {
    "displayName": "Group 3",
    "groupMode": 0
  }
}