{
  "height": 225.28147242792434,
  "tabOrder": 13000,
  "width": 536.69997843123156,
  "x": 511.8527572075634,
  "y": 225.28147242792434,
  "z": 9000
}