{
  "height": 167.36500753023998,
  "width": 282.85272731144448,
  "x": 5.9863011071205268,
  "y": 3.5529156973447931,
  "z": 14000
}