{
  "height": 191.1327148182952,
  "width": 282.86741568053884,
  "x": 5.9866119720749049,
  "y": 4.0574695557633156,
  "z": 14000
}