{
  "height": 129.1550672505474,
  "tabOrder": 1000,
  "width": 123.9803258998617,
  "x": 10.286668331068718,
  "y": 5.4786473971426108,
  "z": 11000
}