{
  "height": 72.421052631578945,
  "tabOrder": 1004,
  "width": 156.63157894736841,
  "x": 570.9473684210526,
  "y": 97.6842105263158,
  "z": 1003
}