{
  "height": 90.228571428571456,
  "tabOrder": 13000,
  "width": 160.20000000000005,
  "x": 234,
  "y": 230,
  "z": 8000
}