{
  "height": 50.727272727272741,
  "tabOrder": 2000,
  "width": 123.82666666666667,
  "x": 323.51111111111112,
  "y": 19.022727272727273,
  "z": 6000
}