{
  "height": 63.970300459480129,
  "tabOrder": 2000,
  "width": 123.39682220145231,
  "x": 322.38809403983038,
  "y": 23.988862672305046,
  "z": 6000
}