{
  "height": 71.228700841181961,
  "id": 3700560269,
  "tabOrder": 10000,
  "width": 192.15184412970018,
  "x": 664.2490473793946,
  "y": 100,
  "z": 9000
}