{
  "name": "8ccf3ea2811921b83e0d",
  "layouts": [
    {
      "id": 0,
      "position": {
        "x": 574.74219799700211,
        "y": 463.46268468783455,
        "z": 14000,
        "width": 330,
        "height": 230,
        "tabOrder": 17000
      }
    }
  ],
  "singleVisualGroup": {
    "displayName": "Group 12",
    "groupMode": 0
  }
}