{
  "height": 100.43478260869566,
  "width": 215.91683082895972,
  "x": 7.6124523689697083,
  "y": 5.5501878690284521,
  "z": 4000
}