{
  "height": 109.56521739130434,
  "width": 224.17777777777781,
  "x": 7.9037037037036786,
  "y": 6.0547504025764924,
  "z": 4000
}