{
  "height": 109.56521739130434,
  "width": 212.62222222222223,
  "x": 7.496296296296272,
  "y": 6.0547504025764924,
  "z": 4000
}