{
  "name": "e82bb7da27ac020dc436",
  "layouts": [
    {
      "id": 0,
      "position": {
        "x": 339.393098579661,
        "y": 222.48093957471008,
        "z": 11000,
<<<<<<<< HEAD:Dashboard/Report/sections/008_VISITAS/visualContainers/18000_Group 7/config.json
        "width": 567.388648030632,
        "height": 119.17242404281895,
        "tabOrder": 18000
========
        "width": 562.52631578947364,
        "height": 119.57894736842105,
        "tabOrder": 19000
>>>>>>>> origin/main:Dashboard/Report/sections/008_VISITAS/visualContainers/19000_Group 7/config.json
      }
    }
  ],
  "singleVisualGroup": {
    "displayName": "Group 7",
    "groupMode": 0
  }
}