{
  "height": 119.57894736842105,
  "tabOrder": 19000,
  "width": 562.52631578947364,
  "x": 341.89473684210526,
  "y": 220.63157894736841,
  "z": 11000
}