{
  "height": 244.00033377837107,
  "tabOrder": 1000,
  "width": 292.10379464285717,
  "x": 0,
  "y": 0,
  "z": 18002
}