{
  "height": 112.64073621396217,
  "id": 3701523232,
  "width": 172.27406715076569,
  "x": 0,
  "y": 0,
  "z": 6000
}