{
  "height": 72.3287671233,
  "id": 3701523230,
  "width": 233.4246575342,
  "x": 526.0273972603,
  "y": 98.6301369863,
  "z": 7000
}