{
  "height": 140,
  "tabOrder": 5000,
  "width": 288.33333333333337,
  "x": 380,
  "y": 158.33333333333334,
  "z": 4000
}