{
  "name": "233fd699c0d3acbb313e",
  "layouts": [
    {
      "id": 0,
      "position": {
        "height": 150.73980875691998,
        "width": 278.28887770508305,
        "x": 0,
        "y": 0,
        "z": 8007,
        "tabOrder": 1000
      }
    }
  ],
  "singleVisualGroup": {
    "displayName": "Group 2",
    "groupMode": 0
  },
  "parentGroupName": "ea3078fa3ac084221110"
}