{
  "height": 150.73980875691998,
  "tabOrder": 1000,
  "width": 278.28887770508305,
  "x": 0,
  "y": 0,
  "z": 8007
}