{
  "name": "c9609620200a06787220",
  "layouts": [
    {
      "id": 0,
      "position": {
        "x": 0.0909972547523072,
        "y": 231.76527562483369,
        "z": 10000,
        "width": 630,
        "height": 150,
        "tabOrder": 12000
      }
    }
  ],
  "singleVisualGroup": {
    "displayName": "Group 3",
    "groupMode": 0
  }
}