{
  "name": "c9609620200a06787220",
  "layouts": [
    {
      "id": 0,
      "position": {
        "x": 0.012289485597575346,
        "y": 212.30769230761433,
        "z": 10000,
        "width": 630,
        "height": 150,
        "tabOrder": 12000
      }
    }
  ],
  "singleVisualGroup": {
    "displayName": "Group 3",
    "groupMode": 0
  }
}