{
  "height": 150,
  "tabOrder": 12000,
  "width": 630,
  "x": 0.0909972547523072,
  "y": 231.76527562483369,
  "z": 10000
}