{
  "height": 150,
  "tabOrder": 12000,
  "width": 630,
  "x": 0.012289485597575346,
  "y": 212.30769230761433,
  "z": 10000
}