{
  "height": 88.037993188409231,
  "tabOrder": 26,
  "width": 124.28893156010716,
  "x": 695.8885490995583,
  "y": 293.24419789962781,
  "z": 17
}