{
  "height": 250.12869365159247,
  "tabOrder": 8000,
  "width": 349.517578546265,
  "x": 916.03422244589831,
  "y": 212.74351133947607,
  "z": 17000
}