{
  "height": 69.930839114035038,
  "tabOrder": 1000,
  "width": 15.804184927979382,
  "x": 204.29543050242157,
  "y": 54.912358904335207,
  "z": 4000
}