{
  "height": 69.587628865979383,
  "tabOrder": 1000,
  "width": 16.071428571428566,
  "x": 207.75000000007594,
  "y": 54.642857142885646,
  "z": 4000
}