{
  "name": "7f85db4078cdb854503e",
  "layouts": [
    {
      "id": 0,
      "position": {
        "x": 366.9675953990531,
        "y": 1.2776872007136837,
        "z": 16000,
        "width": 200.42105263157896,
        "height": 117.89473684210526,
        "tabOrder": 2000
      }
    }
  ],
  "singleVisualGroup": {
    "displayName": "Group 4",
    "groupMode": 0
  },
  "parentGroupName": "e82bb7da27ac020dc436"
}