{
  "name": "7f85db4078cdb854503e",
  "layouts": [
    {
      "id": 0,
      "position": {
        "height": 118.78710696737922,
        "width": 279.6980451682698,
        "x": 282.82827062120384,
        "y": 0,
        "z": 16000,
        "tabOrder": 2000
      }
    }
  ],
  "singleVisualGroup": {
    "displayName": "Group 4",
    "groupMode": 0
  },
  "parentGroupName": "e82bb7da27ac020dc436"
}