{
  "height": 118.78710696737922,
  "tabOrder": 2000,
  "width": 279.6980451682698,
  "x": 282.82827062120384,
  "y": 0,
  "z": 16000
}