{
  "height": 119.77804069045941,
  "tabOrder": 2000,
  "width": 279.77956673933693,
  "x": 282.91070453649763,
  "y": 0,
  "z": 16000
}