{
  "height": 118.78710696737922,
  "tabOrder": 2000,
  "width": 190.09418039879418,
  "x": 192.22160907489007,
  "y": 0,
  "z": 16000
}