{
  "height": 117.89473684210526,
  "tabOrder": 2000,
  "width": 200.42105263157896,
  "x": 366.9675953990531,
  "y": 1.2776872007136837,
  "z": 16000
}