{
  "name": "7402775d29e961637dcc",
  "layouts": [
    {
      "id": 0,
      "position": {
        "x": 485,
        "y": 243.33333333333334,
        "z": 14000,
        "width": 166.66666666666669,
        "height": 110,
        "tabOrder": 14000
      }
    }
  ],
  "singleVisualGroup": {
    "displayName": "Group 4",
    "groupMode": 0
  }
}