{
  "name": "888b7ce0df2d773d7707",
  "layouts": [
    {
      "id": 0,
      "position": {
        "x": 1016.6666666666667,
        "y": 243.33333333333334,
        "z": 8000,
        "width": 250,
        "height": 110,
        "tabOrder": 14000
      }
    }
  ],
  "singleVisualGroup": {
    "displayName": "Group 4",
    "groupMode": 0
  }
}