{
  "name": "888b7ce0df2d773d7707",
  "layouts": [
    {
      "id": 0,
      "position": {
        "x": 894.67893182827208,
        "y": 156.7262847091757,
        "z": 7000,
        "width": 150,
        "height": 111.15789473684211,
        "tabOrder": 14000
      }
    }
  ],
  "singleVisualGroup": {
    "displayName": "Group 4",
    "groupMode": 0
  }
}