{
  "height": 110,
  "tabOrder": 14000,
  "width": 166.66666666666669,
  "x": 485,
  "y": 243.33333333333334,
  "z": 14000
}