{
  "height": 111.15789473684211,
  "tabOrder": 14000,
  "width": 150,
  "x": 894.67893182827208,
  "y": 156.7262847091757,
  "z": 7000
}