{
  "height": 245.15924940685889,
  "width": 274.97591487526063,
  "x": 0,
  "y": 0,
  "z": 1000
}