{
  "height": 106.89783281733747,
  "width": 168.16154407590628,
  "x": 0,
  "y": 33.275328136906424,
  "z": 20000
}