{
  "height": 233.3333333333,
  "id": 3700560264,
  "width": 206.6666666667,
  "x": 266.6666666667,
  "y": 220,
  "z": 4000
}