{
  "height": 125.89258753325184,
  "tabOrder": 8000,
  "width": 193.80832554461139,
  "x": 487.0055359838953,
  "y": 520.13516428211949,
  "z": 9000
}