{
  "height": 37.714943410704009,
  "tabOrder": 5000,
  "width": 307.37678879723768,
  "x": 114.40199501246883,
  "y": 169.71724534816803,
  "z": 5000
}