{
  "height": 79.7850612510522,
  "tabOrder": 5000,
  "width": 185.15579633925697,
  "x": 208.33063015518056,
  "y": 52.074013649054436,
  "z": 3000
}