{
  "height": 173.75886524822693,
  "tabOrder": 1000,
  "width": 308.71409395973166,
  "x": 0,
  "y": 0,
  "z": 0
}