{
  "height": 56.016836654961764,
  "width": 151.31378408747031,
  "x": 11.513005311003178,
  "y": 26.60799741110684,
  "z": 1000
}