{
  "height": 59.187600993921862,
  "width": 151.31378408747031,
  "x": 11.513005311003178,
  "y": 28.114110472112884,
  "z": 1000
}