{
  "height": 90.989010989010993,
  "width": 152.01885601876472,
  "x": 11.693758155289594,
  "y": 6.4285714285714279,
  "z": 1000
}