{
  "height": 90.989010989010993,
  "width": 149.54811270600752,
  "x": 11.503700977385193,
  "y": 6.4285714285714279,
  "z": 1000
}