{
  "height": 172.82084014161222,
  "width": 384.31224899598396,
  "x": 16.568137529628231,
  "y": 14.533292483660102,
  "z": 3000
}