{
  "height": 159.8592771309913,
  "width": 369.72935143351191,
  "x": 15.939452253458326,
  "y": 13.443295547385596,
  "z": 3000
}