{
  "height": 229.77297166403991,
  "width": 331.71382490100581,
  "x": 0,
  "y": 0,
  "z": 0
}