{
  "height": 240,
  "tabOrder": 13000,
  "width": 290,
  "x": 370.50847062579476,
  "y": 225.36390144335908,
  "z": 16000
}