{
  "height": 105.8158085569253,
  "tabOrder": 4000,
  "width": 579.58700088963315,
  "x": 2.2589776164945081,
  "y": 143.254462856028,
  "z": 20000
}