{
  "height": 226.60173731802684,
  "width": 182.45808517696867,
  "x": 7.9983557612220588,
  "y": 13.215357127964712,
  "z": 18500
}