{
  "height": 226.48514851485149,
  "width": 232.13004484304932,
  "x": 10.175809308326013,
  "y": 13.208557697875074,
  "z": 18500
}