{
  "height": 226.60173731802684,
  "width": 226.1877088970686,
  "x": 9.9153170593661883,
  "y": 13.215357127964712,
  "z": 18500
}