{
  "height": 204.09163096193143,
  "width": 177.93433099902725,
  "x": 7.8000494200347346,
  "y": 11.902573307305966,
  "z": 18500
}