{
  "height": 168.81836431311939,
  "tabOrder": 1000,
  "width": 435.10373935930579,
  "x": 0,
  "y": 0,
  "z": 10500
}