{
  "height": 248.47221223668129,
  "tabOrder": 2000,
  "width": 246.81573082177007,
  "x": 0,
  "y": 0,
  "z": 4000
}