{
  "height": 50.074861144651045,
  "tabOrder": 7000,
  "width": 50.074861144651045,
  "x": 6,
  "y": 331.52821633825317,
  "z": 12000
}