{
  "height": 71.68623063003264,
  "tabOrder": 9000,
  "width": 979.59723381851143,
  "x": 76.460379784174066,
  "y": 86.743316817991456,
  "z": 1000
}