{
  "height": 174.64645560556457,
  "width": 348.70594769729246,
  "x": 0,
  "y": 0,
  "z": 0
}