{
  "height": 199.5959492635024,
  "width": 348.70594769729246,
  "x": 0,
  "y": 0,
  "z": 0
}