{
  "height": 204.38625204582644,
  "width": 308.49477583892622,
  "x": 0,
  "y": 0,
  "z": 0
}