{
  "height": 293.19721043928388,
  "tabOrder": 7000,
  "width": 599.64627219785746,
  "x": 64.602775181537126,
  "y": 414.12035372780213,
  "z": 6000
}