{
  "height": 70.015504188144362,
  "tabOrder": 2000,
  "width": 15.824921778280711,
  "x": 392.880058015524,
  "y": 54.978841145862027,
  "z": 5000
}