{
  "height": 70.015504188144362,
  "tabOrder": 2000,
  "width": 16.092516075145646,
  "x": 399.52353242569205,
  "y": 54.978841145862027,
  "z": 5000
}