{
  "height": 97.131058732138115,
  "tabOrder": 1000,
  "width": 269.6224216530041,
  "x": 0,
  "y": 0,
  "z": 7000
}