{
  "height": 109.47368421052634,
  "tabOrder": 1000,
  "width": 186.83318465655668,
  "x": 0,
  "y": 0,
  "z": 7000
}