{
  "height": 112.85714285714286,
  "tabOrder": 1000,
  "width": 159.30735930735921,
  "x": 0,
  "y": 0,
  "z": 7000
}