{
  "height": 70,
  "tabOrder": 1000,
  "width": 119.77142857142857,
  "x": 0,
  "y": 73.142857142857125,
  "z": 5000
}