{
  "height": 249.88179669030728,
  "tabOrder": 1000,
  "width": 351.33276621127055,
  "x": 0,
  "y": 0,
  "z": 0
}