{
  "height": 97.938144329896915,
  "tabOrder": 20000,
  "width": 258.76288659793818,
  "x": 373.1958762886598,
  "y": 253.60824742268042,
  "z": 2000
}