{
  "height": 279.4520547945,
  "id": 3701523237,
  "width": 279.4520547945,
  "x": 99.1780487479,
  "y": 256.081991875,
  "z": 0
}