{
  "height": 260.06758214105975,
  "tabOrder": 6000,
  "width": 319.70091307786322,
  "x": 493.61183182471939,
  "y": 177.3027893601045,
  "z": 3000
}