{
  "name": "014ef9cce0ee63b47582",
  "layouts": [
    {
      "id": 0,
      "position": {
        "x": 423.63636363636363,
        "y": 318.18181818181813,
        "z": 10000,
        "width": 456.36363636363632,
        "height": 217.27272727272725
      }
    }
  ],
  "singleVisualGroup": {
    "displayName": "Group 7",
    "groupMode": 0
  }
}