{
  "height": 217.27272727272725,
  "width": 456.36363636363632,
  "x": 423.63636363636363,
  "y": 318.18181818181813,
  "z": 10000
}