{
  "height": 279.45205479452056,
  "id": 3701523236,
  "tabOrder": 1000,
  "width": 279.45205479452056,
  "x": 516.16438356164383,
  "y": 256.08199187499616,
  "z": 1000
}