{
  "height": 320.43240167840122,
  "tabOrder": 1000,
  "width": 1205.3437008589558,
  "x": 0,
  "y": 0,
  "z": 16000
}