{
  "height": 84.467005076142129,
  "tabOrder": 2000,
  "width": 163.19633979501054,
  "x": 208.59865725195115,
  "y": 48.67139486369927,
  "z": 2000
}