{
  "height": 63.258672223785545,
  "tabOrder": 2000,
  "width": 168.03459776684039,
  "x": 384.11912048819283,
  "y": 27.831364624901454,
  "z": 4000
}