{
  "height": 56.861910108009752,
  "tabOrder": 2000,
  "width": 172.22222222222223,
  "x": 392.53086419753095,
  "y": 37.407407407407412,
  "z": 4000
}