{
  "height": 57.10806556302277,
  "tabOrder": 2000,
  "width": 174.11180773249743,
  "x": 396.8376291652155,
  "y": 37.5693442360109,
  "z": 4000
}