{
  "height": 62.12496188584349,
  "tabOrder": 2000,
  "width": 168.05662557781204,
  "x": 384.16947501927848,
  "y": 27.332576005332204,
  "z": 2000
}