{
  "height": 192.1875,
  "width": 400.61538461538464,
  "x": 8.191855203619907,
  "y": 12.968749999999995,
  "z": 3000
}