{
  "height": 188.94923400377073,
  "width": 372.71302213005282,
  "x": 7.76345744399318,
  "y": 7.9390981332978292,
  "z": 3000
}