{
  "height": 197.12128837443382,
  "width": 392.58609533395639,
  "x": 8.1774053045163662,
  "y": 8.28246412756296,
  "z": 3000
}