{
  "height": 150.23562935469846,
  "width": 373.574598895957,
  "x": 7.7814037301696164,
  "y": 6.312464884302778,
  "z": 1000
}