{
  "height": 78.947368421052616,
  "tabOrder": 2000,
  "width": 168.96110432094329,
  "x": 221.96850959810195,
  "y": 51.315789473684205,
  "z": 41000
}