{
  "height": 78.947368421052616,
  "tabOrder": 2000,
  "width": 171.68628342289398,
  "x": 225.54864684968425,
  "y": 51.315789473684205,
  "z": 41000
}