{
  "name": "6347e2419689a64295ea",
  "layouts": [
    {
      "id": 0,
      "position": {
        "x": 76.3859058546492,
        "y": 253.75656860188545,
        "z": 4000,
        "width": 128.1729606713605,
        "height": 88.685331373618126,
        "tabOrder": 2000
      }
    }
  ],
  "singleVisualGroup": {
    "displayName": "Group 2",
    "groupMode": 0
  }
}