{
  "name": "efd423a7966ddbd517e0",
  "layouts": [
    {
      "id": 0,
      "position": {
        "x": 9.9388884894672511,
        "y": 462.15831476022714,
        "z": 14000,
        "width": 240.18980516212523,
        "height": 248.47221223668129,
        "tabOrder": 15000
      }
    }
  ],
  "singleVisualGroup": {
    "displayName": "Group 5",
    "groupMode": 0
  }
}