{
  "height": 248.47221223668129,
  "tabOrder": 15000,
  "width": 240.18980516212523,
  "x": 9.9388884894672511,
  "y": 462.15831476022714,
  "z": 14000
}