{
  "height": 85.787552150268525,
  "tabOrder": 1000,
  "width": 529.5380057066609,
  "x": 1.1187532704561587,
  "y": 0.52770230186957934,
  "z": 0
}