{
  "height": 275.7401872413372,
  "tabOrder": 13000,
  "width": 579.38144310448479,
  "x": 660,
  "y": 381.98019485755896,
  "z": 18000
}