{
  "height": 96.907216494845358,
  "tabOrder": 15000,
  "width": 258.76288659793818,
  "x": 373.1958762886598,
  "y": 557.73195876288662,
  "z": 17000
}