{
  "height": 125.08789564550163,
  "tabOrder": 8000,
  "width": 171.60299251870325,
  "x": 492.18001150968735,
  "y": 520.46621906771531,
  "z": 9000
}