{
  "height": 139.78947368421052,
  "width": 217.26315789473688,
  "x": 0.87248954700396286,
  "y": 0.56142064144728465,
  "z": 13000
}