{
  "height": 109.47368421052632,
  "width": 217.26315789473688,
  "x": 0.87248954700396286,
  "y": 0.439666767398476,
  "z": 13000
}