{
  "height": 110,
  "width": 217.26315789473688,
  "x": 0.87248954700396286,
  "y": 0.44178054993404559,
  "z": 13000
}