{
  "height": 131.19950007811278,
  "tabOrder": 17009,
  "width": 209.29729729729729,
  "x": 0,
  "y": 149.01671613810345,
  "z": 3000
}