{
  "height": 183.09363892788929,
  "tabOrder": 1000,
  "width": 154.67731640049911,
  "x": 0,
  "y": 0,
  "z": 0
}