{
  "height": 184.51093487142512,
  "tabOrder": 1000,
  "width": 160.99891107078039,
  "x": 0,
  "y": 0,
  "z": 0
}