{
  "height": 95,
  "id": 3700560262,
  "width": 116.6666666667,
  "x": 18.3333333333,
  "y": 100,
  "z": 2000
}