{
  "height": 51.923076923076913,
  "tabOrder": 5000,
  "width": 13.642717847837858,
  "x": 318.84976697910207,
  "y": 36.173205249975709,
  "z": 5000
}