{
  "height": 46.38147961751384,
  "tabOrder": 5000,
  "width": 13.545810468656573,
  "x": 316.58490336357215,
  "y": 32.312545431147576,
  "z": 5000
}