{
  "height": 51.923076923076913,
  "tabOrder": 5000,
  "width": 13.420984473616057,
  "x": 313.66754189091586,
  "y": 36.173205249975709,
  "z": 5000
}