{
  "height": 43.896757495147028,
  "tabOrder": 5000,
  "width": 13.545810468656573,
  "x": 316.58490336357215,
  "y": 30.581516211621818,
  "z": 5000
}