{
  "height": 245.15924940685886,
  "tabOrder": 19000,
  "width": 274.97591487526063,
  "x": 988.91940470199143,
  "y": 462.15831476022714,
  "z": 12000
}