{
  "name": "0140de0c7dced4852705",
  "layouts": [
    {
      "id": 0,
      "position": {
        "height": 140,
        "width": 592.45714285714291,
        "x": 0.43641747356138139,
        "y": 0,
        "z": 0,
        "tabOrder": 0
      }
    }
  ],
  "singleVisualGroup": {
    "displayName": "Group 2",
    "groupMode": 0
  },
  "parentGroupName": "27b98a8f046a12480083"
}