{
  "height": 85.448640447573666,
  "tabOrder": 28,
  "width": 129.46763704177829,
  "x": 903.68410655161244,
  "y": 295.83355064046339,
  "z": 19
}