{
  "height": 305.90476190476193,
  "width": 601.52724417059335,
  "x": 0,
  "y": 2.0952380952380953,
  "z": 16002
}