{
  "height": 149.26382211538458,
  "width": 311.27726236979169,
  "x": 0,
  "y": 0,
  "z": 0
}