{
  "name": "dffd6d3260aa848da397",
  "layouts": [
    {
      "id": 0,
      "position": {
        "x": 428.34632011567436,
        "y": 309.89301443446453,
        "z": 11000,
        "width": 400,
        "height": 185,
        "tabOrder": 15000
      }
    }
  ],
  "singleVisualGroup": {
    "displayName": "Group 3",
    "groupMode": 0
  }
}