{
  "height": 185,
  "tabOrder": 15000,
  "width": 400,
  "x": 428.34632011567436,
  "y": 309.89301443446453,
  "z": 11000
}