{
  "name": "8c857fac83ce9a752258",
  "layouts": [
    {
      "id": 0,
      "position": {
        "x": 6.7368421052631575,
        "y": 74.10526315789474,
        "z": 20000,
        "width": 1260,
        "height": 70.736842105263165,
        "tabOrder": 9000
      }
    }
  ],
  "singleVisualGroup": {
    "displayName": "Group 7",
    "groupMode": 0
  }
}