{
  "height": 70.736842105263165,
  "tabOrder": 9000,
  "width": 1260,
  "x": 6.7368421052631575,
  "y": 74.10526315789474,
  "z": 20000
}