{
  "height": 249.72756170063957,
  "tabOrder": 1000,
  "width": 273.22477011117229,
  "x": 0,
  "y": 0,
  "z": 7000
}