{
  "height": 85.401636159773545,
  "tabOrder": 4,
  "width": 113.34520257808337,
  "x": 0,
  "y": 0,
  "z": 0
}