{
  "height": 250.12869365159247,
  "tabOrder": 18000,
  "width": 274.97591487526063,
  "x": 713.14535696613382,
  "y": 462.15831476022714,
  "z": 13000
}