{
  "height": 85.448640447573666,
  "tabOrder": 9000,
  "width": 129.46763704177829,
  "x": 227.60629962106486,
  "y": 40.735412744137278,
  "z": 19000
}