{
  "height": 87.793514990294057,
  "tabOrder": 9000,
  "width": 149.08332734200877,
  "x": 209.58871020756911,
  "y": 38.412009837966238,
  "z": 19000
}