{
  "height": 110,
  "tabOrder": 18000,
  "width": 236.87684233230283,
  "x": 9.9388884894672511,
  "y": 464.75272311454069,
  "z": 11000
}