{
  "height": 100,
  "tabOrder": 12000,
  "width": 575.25773195876286,
  "x": 4.1237111457218782,
  "y": 42.928212651814022,
  "z": 12000
}