{
  "height": 72.421052631578945,
  "tabOrder": 6000,
  "width": 158.31578947368422,
  "x": 727.578947368421,
  "y": 97.6842105263158,
  "z": 5000
}