{
  "height": 50.074861144651045,
  "tabOrder": 21000,
  "width": 50.074861144651045,
  "x": 6.1820816227964253,
  "y": 255,
  "z": 21000
}