{
  "height": 111.15789473684211,
  "tabOrder": 18000,
  "width": 150,
  "x": 894.67893182827208,
  "y": 230,
  "z": 7000
}