{
  "name": "245f958bf532f2767497",
  "layouts": [
    {
      "id": 0,
      "position": {
        "x": 370.50847062579476,
        "y": 225.36390144335908,
        "z": 16000,
        "width": 290,
        "height": 240,
        "tabOrder": 15000
      }
    }
  ],
  "singleVisualGroup": {
    "displayName": "Group 6",
    "groupMode": 0
  }
}