{
  "name": "014ef9cce0ee63b47582",
  "layouts": [
    {
      "id": 0,
      "position": {
        "x": 420.07161629959819,
        "y": 328.56667545394276,
        "z": 10000,
        "width": 455.53238910058235,
        "height": 207.06017686390106,
        "tabOrder": 10000
      }
    }
  ],
  "singleVisualGroup": {
    "displayName": "Group 7",
    "groupMode": 0
  }
}