{
  "height": 245.15924940685886,
  "width": 263.38054497088217,
  "x": 0,
  "y": 0,
  "z": 1000
}