{
  "height": 154.10869565217394,
  "width": 142.22222222222223,
  "x": 0,
  "y": 0,
  "z": 1000
}