{
  "height": 79.7850612510522,
  "width": 175.05638926620659,
  "x": 395.1696610066125,
  "y": 52.074013649054436,
  "z": 1000
}