{
  "height": 72.9445296568367,
  "tabOrder": 3000,
  "width": 190.77508275261491,
  "x": 378.26093994052957,
  "y": 0,
  "z": 20000
}