{
  "height": 184.54368932038832,
  "width": 319.68932038834947,
  "x": 736.31067961165047,
  "y": 243.26213592233009,
  "z": 15001
}