{
  "height": 108.33530912503858,
  "width": 212.03070732595603,
  "x": 8.1777777777777718,
  "y": 5.7971014492753605,
  "z": 13000
}