{
  "height": 99.30736669795202,
  "width": 215.31615033350124,
  "x": 8.3044934934215213,
  "y": 5.3140096618357466,
  "z": 13000
}