{
  "height": 108.33530912503858,
  "width": 223.55411533280147,
  "x": 8.6222222222222165,
  "y": 5.7971014492753605,
  "z": 13000
}