{
  "height": 139.78947368421052,
  "tabOrder": 2000,
  "width": 599.578947368421,
  "x": 64,
  "y": 567.578947368421,
  "z": 2000
}