{
  "height": 101.9577625203498,
  "width": 528.86597938144337,
  "x": 0,
  "y": 0.28477122393759252,
  "z": 15000
}