{
  "name": "3a36332de720ca7400bc",
  "layouts": [
    {
      "id": 0,
      "position": {
        "x": 565.05563560440476,
        "y": 211.72908282584953,
        "z": 18000,
        "width": 350,
        "height": 250.12869365159247,
        "tabOrder": 2000
      }
    }
  ],
  "singleVisualGroup": {
    "displayName": "Group 6",
    "groupMode": 0
  }
}