{
  "height": 250.12869365159247,
  "tabOrder": 2000,
  "width": 350,
  "x": 565.05563560440476,
  "y": 211.72908282584953,
  "z": 18000
}