{
  "height": 70,
  "tabOrder": 5000,
  "width": 190.37037037037035,
  "x": 651.82795698924724,
  "y": 0,
  "z": 5000
}