{
  "name": "7d5a10edf43ea9e48264",
  "layouts": [
    {
      "id": 0,
      "position": {
        "x": 855.578947368421,
        "y": 282,
        "z": 19000,
        "width": 410.94736842105266,
        "height": 200.42105263157896,
        "tabOrder": 17000
      }
    }
  ],
  "singleVisualGroup": {
    "displayName": "Group 6",
    "groupMode": 0
  }
}