{
  "height": 200.42105263157896,
  "tabOrder": 17000,
  "width": 410.94736842105266,
  "x": 855.578947368421,
  "y": 282,
  "z": 19000
}