{
  "height": 163.33333333333334,
  "tabOrder": 15000,
  "width": 865,
  "x": 10,
  "y": 546.66666666666674,
  "z": 11000
}