{
  "height": 175.45454545454544,
  "tabOrder": 15000,
  "width": 879.090909090909,
  "x": 0.90909090909090906,
  "y": 535.45454545454538,
  "z": 11000
}