{
  "height": 88.494268077601419,
  "tabOrder": 1000,
  "width": 128.44014241210502,
  "x": 0,
  "y": 0.03814555865187659,
  "z": 18500
}