{
  "height": 72.228571428571428,
  "tabOrder": 7000,
  "width": 140.8,
  "x": 906.97142857142853,
  "y": 74.971428571428575,
  "z": 8000
}