{
  "height": 83.538796229151558,
  "tabOrder": 3000,
  "width": 139.19687806045019,
  "x": 27.251633565856011,
  "y": 48.645778882402048,
  "z": 19000
}