{
  "height": 251.78517506650368,
  "tabOrder": 1000,
  "width": 399.21202099360124,
  "x": 0,
  "y": 0,
  "z": 0
}