{
  "height": 109.25678132350073,
  "width": 214.30967021407145,
  "x": 6.9172932330826127,
  "y": 6.2857142857142758,
  "z": 15000
}