{
  "height": 101.04818714109668,
  "width": 220.71738244168012,
  "x": 7.1241155588661549,
  "y": 5.8134609656645662,
  "z": 15000
}