{
  "height": 109.25678132350073,
  "width": 228.2863878367283,
  "x": 7.3684210526314793,
  "y": 6.2857142857142758,
  "z": 15000
}