{
  "name": "13a05c0f24384c08b520",
  "layouts": [
    {
      "id": 0,
      "position": {
        "x": 195.4648069595226,
        "y": 490.31849881371772,
        "z": 10000,
        "width": 188.83888129987776,
        "height": 220.31202818319073,
        "tabOrder": 16000
      }
    }
  ],
  "singleVisualGroup": {
    "displayName": "Group 2",
    "groupMode": 0
  }
}