{
  "height": 220.31202818319073,
  "tabOrder": 16000,
  "width": 188.83888129987776,
  "x": 195.4648069595226,
  "y": 490.31849881371772,
  "z": 10000
}