{
  "height": 39.755553957869004,
  "tabOrder": 19000,
  "width": 150.73980875691998,
  "x": 0,
  "y": 0.469585273043549,
  "z": 0
}