{
  "height": 131.19950007811278,
  "tabOrder": 17010,
  "width": 190.27027027027026,
  "x": 409.94594594594594,
  "y": 149.01671613810345,
  "z": 4000
}