{
  "height": 139.64735516372795,
  "tabOrder": 9000,
  "width": 273.85390428211588,
  "x": 393.55163727959695,
  "y": 251.18387909319898,
  "z": 8000
}